Workbook

Sheet Summary
A1: KINETIC REVENUE MODEL | C1: Generated April 12, 2026 16:14
A2: Ticker | B2: Beat % | C2: Momentum | D2: Q1-24 | E2: Q2-24 | F2: Q3-24 | G2: Q4-24 | H2: FY24 | I2: Q1-25 | J2: Q2-25 | K2: Q3-25 | L2: Q4-25 | M2: FY25 | N2: Q1-26 | O2: Q2-26E | P2: Q3-26E | Q2: Q4-26E | R2: FY26E | S2: Q1-27E | T2: Q2-27E | U2: Q3-27E | V2: Q4-27E | W2: FY27E | X2: Q1-28E | Z2: Impl Guide | AA2: Consensus | AB2: Gap %
A3: Total Revenue ($M)
A4: ADBE | B4: 0.0144 | C4: STABLE | D4: ='ADBE'!D9 | E4: ='ADBE'!E9 | F4: ='ADBE'!F9 | G4: ='ADBE'!G9 | H4: ='ADBE'!H9 | I4: ='ADBE'!I9 | J4: ='ADBE'!J9 | K4: ='ADBE'!K9 | ... W4: ='ADBE'!W9 | Z4: ='ADBE'!P23 | AA4: ='ADBE'!P15 | AB4: =IFERROR((Z4-AA4)/AA4,"-")
A5: INTU | B5: 0.0271 | C5: ACCELERATING | D5: ='INTU'!D9 | E5: ='INTU'!E9 | F5: ='INTU'!F9 | G5: ='INTU'!G9 | H5: ='INTU'!H9 | I5: ='INTU'!I9 | J5: ='INTU'!J9 | K5: ='INTU'!K9 | ... X5: ='INTU'!X9 | Z5: ='INTU'!P23 | AA5: ='INTU'!P15 | AB5: =IFERROR((Z5-AA5)/AA5,"-")
A6: NOW | B6: 0.0111 | C6: STABLE | D6: ='NOW'!D9 | E6: ='NOW'!E9 | F6: ='NOW'!F9 | G6: ='NOW'!G9 | H6: ='NOW'!H9 | I6: ='NOW'!I9 | J6: ='NOW'!J9 | K6: ='NOW'!K9 | ... W6: ='NOW'!W9 | Z6: ='NOW'!O23 | AA6: ='NOW'!O15 | AB6: =IFERROR((Z6-AA6)/AA6,"-")
A7: PANW | B7: 0.0077 | C7: STABLE | D7: ='PANW'!D9 | E7: ='PANW'!E9 | F7: ='PANW'!F9 | G7: ='PANW'!G9 | H7: ='PANW'!H9 | I7: ='PANW'!I9 | J7: ='PANW'!J9 | K7: ='PANW'!K9 | ... X7: ='PANW'!X9 | Z7: ='PANW'!P23 | AA7: ='PANW'!P15 | AB7: =IFERROR((Z7-AA7)/AA7,"-")
A8: WDAY | B8: 0.0046 | C8: STABLE | D8: ='WDAY'!D9 | E8: ='WDAY'!E9 | F8: ='WDAY'!F9 | G8: ='WDAY'!G9 | H8: ='WDAY'!H9 | I8: ='WDAY'!I9 | J8: ='WDAY'!J9 | K8: ='WDAY'!K9 | ... X8: ='WDAY'!X9 | Z8: ='WDAY'!P23 | AA8: ='WDAY'!P15 | AB8: =IFERROR((Z8-AA8)/AA8,"-")
A9: SNPS | B9: 0.002 | C9: STABLE | D9: ='SNPS'!D9 | E9: ='SNPS'!E9 | F9: ='SNPS'!F9 | G9: ='SNPS'!G9 | H9: ='SNPS'!H9 | I9: ='SNPS'!I9 | J9: ='SNPS'!J9 | K9: ='SNPS'!K9 | ... X9: ='SNPS'!X9 | Z9: ='SNPS'!P23 | AA9: ='SNPS'!P15 | AB9: =IFERROR((Z9-AA9)/AA9,"-")
A10: ROP | B10: -0.0012 | C10: STABLE | D10: ='ROP'!D9 | E10: ='ROP'!E9 | F10: ='ROP'!F9 | G10: ='ROP'!G9 | H10: ='ROP'!H9 | I10: ='ROP'!I9 | J10: ='ROP'!J9 | K10: ='ROP'!K9 | ... W10: ='ROP'!W9 | Z10: ='ROP'!O23 | AA10: ='ROP'!O15 | AB10: =IFERROR((Z10-AA10)/AA10,"-")
A11: ADSK | B11: 0.0204 | C11: STABLE | D11: ='ADSK'!D9 | E11: ='ADSK'!E9 | F11: ='ADSK'!F9 | G11: ='ADSK'!G9 | H11: ='ADSK'!H9 | I11: ='ADSK'!I9 | J11: ='ADSK'!J9 | K11: ='ADSK'!K9 | ... X11: ='ADSK'!X9 | Z11: ='ADSK'!P23 | AA11: ='ADSK'!P15 | AB11: =IFERROR((Z11-AA11)/AA11,"-")
A12: FTNT | B12: 0.0101 | C12: ACCELERATING | D12: ='FTNT'!D9 | E12: ='FTNT'!E9 | F12: ='FTNT'!F9 | G12: ='FTNT'!G9 | H12: ='FTNT'!H9 | I12: ='FTNT'!I9 | J12: ='FTNT'!J9 | K12: ='FTNT'!K9 | ... W12: ='FTNT'!W9 | Z12: ='FTNT'!O23 | AA12: ='FTNT'!O15 | AB12: =IFERROR((Z12-AA12)/AA12,"-")
A13: TOST | B13: 0.0156 | C13: DECELERATING | D13: ='TOST'!D9 | E13: ='TOST'!E9 | F13: ='TOST'!F9 | G13: ='TOST'!G9 | H13: ='TOST'!H9 | I13: ='TOST'!I9 | J13: ='TOST'!J9 | K13: ='TOST'!K9 | ... W13: ='TOST'!W9 | Z13: ='TOST'!O23 | AA13: ='TOST'!O15 | AB13: =IFERROR((Z13-AA13)/AA13,"-")
A14: TEAM | B14: 0.0159 | C14: ACCELERATING | D14: ='TEAM'!D9 | E14: ='TEAM'!E9 | F14: ='TEAM'!F9 | G14: ='TEAM'!G9 | H14: ='TEAM'!H9 | I14: ='TEAM'!I9 | J14: ='TEAM'!J9 | K14: ='TEAM'!K9 | ... W14: ='TEAM'!W9 | Z14: ='TEAM'!O23 | AA14: ='TEAM'!O15 | AB14: =IFERROR((Z14-AA14)/AA14,"-")
A15: APP | B15: 0.0445 | C15: STABLE | D15: ='APP'!D9 | E15: ='APP'!E9 | F15: ='APP'!F9 | G15: ='APP'!G9 | H15: ='APP'!H9 | I15: ='APP'!I9 | J15: ='APP'!J9 | K15: ='APP'!K9 | ... W15: ='APP'!W9 | Z15: ='APP'!O23 | AA15: ='APP'!O15 | AB15: =IFERROR((Z15-AA15)/AA15,"-")
A16: CDNS | B16: 0.0115 | C16: ACCELERATING | D16: ='CDNS'!D9 | E16: ='CDNS'!E9 | F16: ='CDNS'!F9 | G16: ='CDNS'!G9 | H16: ='CDNS'!H9 | I16: ='CDNS'!I9 | J16: ='CDNS'!J9 | K16: ='CDNS'!K9 | ... W16: ='CDNS'!W9 | Z16: ='CDNS'!O23 | AA16: ='CDNS'!O15 | AB16: =IFERROR((Z16-AA16)/AA16,"-")
A17: CRWD | B17: 0.0094 | C17: STABLE | D17: ='CRWD'!D9 | E17: ='CRWD'!E9 | F17: ='CRWD'!F9 | G17: ='CRWD'!G9 | H17: ='CRWD'!H9 | I17: ='CRWD'!I9 | J17: ='CRWD'!J9 | K17: ='CRWD'!K9 | ... X17: ='CRWD'!X9 | Z17: ='CRWD'!P23 | AA17: ='CRWD'!P15 | AB17: =IFERROR((Z17-AA17)/AA17,"-")
A18: SNOW | B18: 0.0352 | C18: STABLE | D18: ='SNOW'!D9 | E18: ='SNOW'!E9 | F18: ='SNOW'!F9 | G18: ='SNOW'!G9 | H18: ='SNOW'!H9 | I18: ='SNOW'!I9 | J18: ='SNOW'!J9 | K18: ='SNOW'!K9 | ... X18: ='SNOW'!X9 | Z18: ='SNOW'!P23 | AA18: ='SNOW'!P15 | AB18: =IFERROR((Z18-AA18)/AA18,"-")
A19: PLTR | B19: 0.0566 | C19: ACCELERATING | D19: ='PLTR'!D9 | E19: ='PLTR'!E9 | F19: ='PLTR'!F9 | G19: ='PLTR'!G9 | H19: ='PLTR'!H9 | I19: ='PLTR'!I9 | J19: ='PLTR'!J9 | K19: ='PLTR'!K9 | ... W19: ='PLTR'!W9 | Z19: ='PLTR'!O23 | AA19: ='PLTR'!O15 | AB19: =IFERROR((Z19-AA19)/AA19,"-")
A20: DDOG | B20: 0.0349 | C20: STABLE | D20: ='DDOG'!D9 | E20: ='DDOG'!E9 | F20: ='DDOG'!F9 | G20: ='DDOG'!G9 | H20: ='DDOG'!H9 | I20: ='DDOG'!I9 | J20: ='DDOG'!J9 | K20: ='DDOG'!K9 | ... W20: ='DDOG'!W9 | Z20: ='DDOG'!O23 | AA20: ='DDOG'!O15 | AB20: =IFERROR((Z20-AA20)/AA20,"-")
A21: VEEV | B21: 0.0281 | C21: STABLE | D21: ='VEEV'!D9 | E21: ='VEEV'!E9 | F21: ='VEEV'!F9 | G21: ='VEEV'!G9 | H21: ='VEEV'!H9 | I21: ='VEEV'!I9 | J21: ='VEEV'!J9 | K21: ='VEEV'!K9 | ... X21: ='VEEV'!X9 | Z21: ='VEEV'!P23 | AA21: ='VEEV'!P15 | AB21: =IFERROR((Z21-AA21)/AA21,"-")
A22: HUBS | B22: 0.0238 | C22: STABLE | D22: ='HUBS'!D9 | E22: ='HUBS'!E9 | F22: ='HUBS'!F9 | G22: ='HUBS'!G9 | H22: ='HUBS'!H9 | I22: ='HUBS'!I9 | J22: ='HUBS'!J9 | K22: ='HUBS'!K9 | ... W22: ='HUBS'!W9 | Z22: ='HUBS'!O23 | AA22: ='HUBS'!O15 | AB22: =IFERROR((Z22-AA22)/AA22,"-")
A23: ZS | B23: 0.019 | C23: STABLE | D23: ='ZS'!D9 | E23: ='ZS'!E9 | F23: ='ZS'!F9 | G23: ='ZS'!G9 | H23: ='ZS'!H9 | I23: ='ZS'!I9 | J23: ='ZS'!J9 | K23: ='ZS'!K9 | ... X23: ='ZS'!X9 | Z23: ='ZS'!P23 | AA23: ='ZS'!P15 | AB23: =IFERROR((Z23-AA23)/AA23,"-")
A24: OKTA | B24: 0.0187 | C24: STABLE | D24: ='OKTA'!D9 | E24: ='OKTA'!E9 | F24: ='OKTA'!F9 | G24: ='OKTA'!G9 | H24: ='OKTA'!H9 | I24: ='OKTA'!I9 | J24: ='OKTA'!J9 | K24: ='OKTA'!K9 | ... X24: ='OKTA'!X9 | Z24: ='OKTA'!P23 | AA24: ='OKTA'!P15 | AB24: =IFERROR((Z24-AA24)/AA24,"-")
A25: TTD | B25: 0.0178 | C25: STABLE | D25: ='TTD'!D9 | E25: ='TTD'!E9 | F25: ='TTD'!F9 | G25: ='TTD'!G9 | H25: ='TTD'!H9 | I25: ='TTD'!I9 | J25: ='TTD'!J9 | K25: ='TTD'!K9 | ... W25: ='TTD'!W9 | Z25: ='TTD'!O23 | AA25: ='TTD'!O15 | AB25: =IFERROR((Z25-AA25)/AA25,"-")
A26: MDB | B26: 0.0505 | C26: STABLE | D26: ='MDB'!D9 | E26: ='MDB'!E9 | F26: ='MDB'!F9 | G26: ='MDB'!G9 | H26: ='MDB'!H9 | I26: ='MDB'!I9 | J26: ='MDB'!J9 | K26: ='MDB'!K9 | ... X26: ='MDB'!X9 | Z26: ='MDB'!P23 | AA26: ='MDB'!P15 | AB26: =IFERROR((Z26-AA26)/AA26,"-")
A27: PAYC | B27: 0.0095 | C27: ACCELERATING | D27: ='PAYC'!D9 | E27: ='PAYC'!E9 | F27: ='PAYC'!F9 | G27: ='PAYC'!G9 | H27: ='PAYC'!H9 | I27: ='PAYC'!I9 | J27: ='PAYC'!J9 | K27: ='PAYC'!K9 | ... W27: ='PAYC'!W9 | Z27: ='PAYC'!O23 | AA27: ='PAYC'!O15 | AB27: =IFERROR((Z27-AA27)/AA27,"-")
A28: DT | B28: 0.0194 | C28: STABLE | D28: ='DT'!D9 | E28: ='DT'!E9 | F28: ='DT'!F9 | G28: ='DT'!G9 | H28: ='DT'!H9 | I28: ='DT'!I9 | J28: ='DT'!J9 | K28: ='DT'!K9 | ... W28: ='DT'!W9 | Z28: ='DT'!O23 | AA28: ='DT'!O15 | AB28: =IFERROR((Z28-AA28)/AA28,"-")
A29: PCTY | B29: 0.0216 | C29: STABLE | D29: ='PCTY'!D9 | E29: ='PCTY'!E9 | F29: ='PCTY'!F9 | G29: ='PCTY'!G9 | H29: ='PCTY'!H9 | I29: ='PCTY'!I9 | J29: ='PCTY'!J9 | K29: ='PCTY'!K9 | ... W29: ='PCTY'!W9 | Z29: ='PCTY'!O23 | AA29: ='PCTY'!O15 | AB29: =IFERROR((Z29-AA29)/AA29,"-")
A30: ESTC | B30: 0.0244 | C30: STABLE | D30: ='ESTC'!D9 | E30: ='ESTC'!E9 | F30: ='ESTC'!F9 | G30: ='ESTC'!G9 | H30: ='ESTC'!H9 | I30: ='ESTC'!I9 | J30: ='ESTC'!J9 | K30: ='ESTC'!K9 | ... X30: ='ESTC'!X9 | Z30: ='ESTC'!P23 | AA30: ='ESTC'!P15 | AB30: =IFERROR((Z30-AA30)/AA30,"-")
A31: BILL | B31: 0.008 | C31: STABLE | D31: ='BILL'!D9 | E31: ='BILL'!E9 | F31: ='BILL'!F9 | G31: ='BILL'!G9 | H31: ='BILL'!H9 | I31: ='BILL'!I9 | J31: ='BILL'!J9 | K31: ='BILL'!K9 | ... W31: ='BILL'!W9 | Z31: ='BILL'!O23 | AA31: ='BILL'!O15 | AB31: =IFERROR((Z31-AA31)/AA31,"-")
A32: BSY | B32: 0.0135 | C32: ACCELERATING | D32: ='BSY'!D9 | E32: ='BSY'!E9 | F32: ='BSY'!F9 | G32: ='BSY'!G9 | H32: ='BSY'!H9 | I32: ='BSY'!I9 | J32: ='BSY'!J9 | K32: ='BSY'!K9 | ... W32: ='BSY'!W9 | Z32: ='BSY'!O23 | AA32: ='BSY'!O15 | AB32: =IFERROR((Z32-AA32)/AA32,"-")
A33: GWRE | B33: 0.0447 | C33: STABLE | D33: ='GWRE'!D9 | E33: ='GWRE'!E9 | F33: ='GWRE'!F9 | G33: ='GWRE'!G9 | H33: ='GWRE'!H9 | I33: ='GWRE'!I9 | J33: ='GWRE'!J9 | K33: ='GWRE'!K9 | ... X33: ='GWRE'!X9 | Z33: ='GWRE'!P23 | AA33: ='GWRE'!P15 | AB33: =IFERROR((Z33-AA33)/AA33,"-")
A34: PCOR | B34: 0.0174 | C34: STABLE | D34: ='PCOR'!D9 | E34: ='PCOR'!E9 | F34: ='PCOR'!F9 | G34: ='PCOR'!G9 | H34: ='PCOR'!H9 | I34: ='PCOR'!I9 | J34: ='PCOR'!J9 | K34: ='PCOR'!K9 | ... W34: ='PCOR'!W9 | Z34: ='PCOR'!O23 | AA34: ='PCOR'!O15 | AB34: =IFERROR((Z34-AA34)/AA34,"-")
A35: ZI | B35: 0.0304 | C35: STABLE | D35: ='ZI'!D9 | E35: ='ZI'!E9 | F35: ='ZI'!F9 | G35: ='ZI'!G9 | H35: ='ZI'!H9 | I35: ='ZI'!I9 | J35: ='ZI'!J9 | K35: ='ZI'!K9 | ... W35: ='ZI'!W9 | Z35: ='ZI'!O23 | AA35: ='ZI'!O15 | AB35: =IFERROR((Z35-AA35)/AA35,"-")
A36: KVYO | B36: 0.045 | C36: ACCELERATING | D36: ='KVYO'!D9 | E36: ='KVYO'!E9 | F36: ='KVYO'!F9 | G36: ='KVYO'!G9 | H36: ='KVYO'!H9 | I36: ='KVYO'!I9 | J36: ='KVYO'!J9 | K36: ='KVYO'!K9 | ... W36: ='KVYO'!W9 | Z36: ='KVYO'!O23 | AA36: ='KVYO'!O15 | AB36: =IFERROR((Z36-AA36)/AA36,"-")
A37: MNDY | B37: 0.0166 | C37: STABLE | D37: ='MNDY'!D9 | E37: ='MNDY'!E9 | F37: ='MNDY'!F9 | G37: ='MNDY'!G9 | H37: ='MNDY'!H9 | I37: ='MNDY'!I9 | J37: ='MNDY'!J9 | K37: ='MNDY'!K9 | ... W37: ='MNDY'!W9 | Z37: ='MNDY'!O23 | AA37: ='MNDY'!O15 | AB37: =IFERROR((Z37-AA37)/AA37,"-")
A38: CFLT | B38: 0.0026 | C38: ACCELERATING | D38: ='CFLT'!D9 | E38: ='CFLT'!E9 | F38: ='CFLT'!F9 | G38: ='CFLT'!G9 | H38: ='CFLT'!H9 | I38: ='CFLT'!I9 | J38: ='CFLT'!J9 | K38: ='CFLT'!K9 | ... W38: ='CFLT'!W9 | Z38: ='CFLT'!O23 | AA38: ='CFLT'!O15 | AB38: =IFERROR((Z38-AA38)/AA38,"-")
A39: AZPN | B39: 0.0087 | C39: STABLE | D39: ='AZPN'!I9 | E39: ='AZPN'!J9 | F39: ='AZPN'!K9 | G39: ='AZPN'!L9 | H39: ='AZPN'!M9 | I39: ='AZPN'!N9 | J39: ='AZPN'!O9 | K39: ='AZPN'!P9 | ... W39: ='AZPN'!AB9 | Z39: ='AZPN'!O23 | AA39: ='AZPN'!O15 | AB39: =IFERROR((Z39-AA39)/AA39,"-")
A40: MANH | B40: 0.0234 | C40: DECELERATING | D40: ='MANH'!D9 | E40: ='MANH'!E9 | F40: ='MANH'!F9 | G40: ='MANH'!G9 | H40: ='MANH'!H9 | I40: ='MANH'!I9 | J40: ='MANH'!J9 | K40: ='MANH'!K9 | ... W40: ='MANH'!W9 | Z40: ='MANH'!O23 | AA40: ='MANH'!O15 | AB40: =IFERROR((Z40-AA40)/AA40,"-")
A41: S | B41: -0.0052 | C41: STABLE | D41: ='S'!D9 | E41: ='S'!E9 | F41: ='S'!F9 | G41: ='S'!G9 | H41: ='S'!H9 | I41: ='S'!I9 | J41: ='S'!J9 | K41: ='S'!K9 | ... X41: ='S'!X9 | Z41: ='S'!P23 | AA41: ='S'!P15 | AB41: =IFERROR((Z41-AA41)/AA41,"-")
A42: TENB | B42: 0.0171 | C42: STABLE | D42: ='TENB'!D9 | E42: ='TENB'!E9 | F42: ='TENB'!F9 | G42: ='TENB'!G9 | H42: ='TENB'!H9 | I42: ='TENB'!I9 | J42: ='TENB'!J9 | K42: ='TENB'!K9 | ... W42: ='TENB'!W9 | Z42: ='TENB'!O23 | AA42: ='TENB'!O15 | AB42: =IFERROR((Z42-AA42)/AA42,"-")
A43: GTLB | B43: 0.0277 | C43: STABLE | D43: ='GTLB'!D9 | E43: ='GTLB'!E9 | F43: ='GTLB'!F9 | G43: ='GTLB'!G9 | H43: ='GTLB'!H9 | I43: ='GTLB'!I9 | J43: ='GTLB'!J9 | K43: ='GTLB'!K9 | ... X43: ='GTLB'!X9 | Z43: ='GTLB'!P23 | AA43: ='GTLB'!P15 | AB43: =IFERROR((Z43-AA43)/AA43,"-")
A44: DOCN | B44: -0.0086 | C44: ACCELERATING | D44: ='DOCN'!D9 | E44: ='DOCN'!E9 | F44: ='DOCN'!F9 | G44: ='DOCN'!G9 | H44: ='DOCN'!H9 | I44: ='DOCN'!I9 | J44: ='DOCN'!J9 | K44: ='DOCN'!K9 | ... W44: ='DOCN'!W9 | Z44: ='DOCN'!O23 | AA44: ='DOCN'!O15 | AB44: =IFERROR((Z44-AA44)/AA44,"-")
A45: SPSC | B45: -0.0004 | C45: STABLE | D45: ='SPSC'!D9 | E45: ='SPSC'!E9 | F45: ='SPSC'!F9 | G45: ='SPSC'!G9 | H45: ='SPSC'!H9 | I45: ='SPSC'!I9 | J45: ='SPSC'!J9 | K45: ='SPSC'!K9 | ... W45: ='SPSC'!W9 | Z45: ='SPSC'!O23 | AA45: ='SPSC'!O15 | AB45: =IFERROR((Z45-AA45)/AA45,"-")
A46: BRZE | B46: 0.0227 | C46: STABLE | D46: ='BRZE'!D9 | E46: ='BRZE'!E9 | F46: ='BRZE'!F9 | G46: ='BRZE'!G9 | H46: ='BRZE'!H9 | I46: ='BRZE'!I9 | J46: ='BRZE'!J9 | K46: ='BRZE'!K9 | ... X46: ='BRZE'!X9 | Z46: ='BRZE'!P23 | AA46: ='BRZE'!P15 | AB46: =IFERROR((Z46-AA46)/AA46,"-")
A47: CWAN | B47: -0.0331 | C47: DECELERATING | D47: ='CWAN'!D9 | E47: ='CWAN'!E9 | F47: ='CWAN'!F9 | G47: ='CWAN'!G9 | H47: ='CWAN'!H9 | I47: ='CWAN'!I9 | J47: ='CWAN'!J9 | K47: ='CWAN'!K9 | ... W47: ='CWAN'!W9 | Z47: ='CWAN'!O23 | AA47: ='CWAN'!O15 | AB47: =IFERROR((Z47-AA47)/AA47,"-")
A48: APPN | B48: 0.0056 | C48: STABLE | D48: ='APPN'!D9 | E48: ='APPN'!E9 | F48: ='APPN'!F9 | G48: ='APPN'!G9 | H48: ='APPN'!H9 | I48: ='APPN'!I9 | J48: ='APPN'!J9 | K48: ='APPN'!K9 | ... W48: ='APPN'!W9 | Z48: ='APPN'!O23 | AA48: ='APPN'!O15 | AB48: =IFERROR((Z48-AA48)/AA48,"-")
A49: QLYS | B49: 0.0067 | C49: STABLE | D49: ='QLYS'!D9 | E49: ='QLYS'!E9 | F49: ='QLYS'!F9 | G49: ='QLYS'!G9 | H49: ='QLYS'!H9 | I49: ='QLYS'!I9 | J49: ='QLYS'!J9 | K49: ='QLYS'!K9 | ... W49: ='QLYS'!W9 | Z49: ='QLYS'!O23 | AA49: ='QLYS'!O15 | AB49: =IFERROR((Z49-AA49)/AA49,"-")
A50: NCNO | B50: 0.0154 | C50: DECELERATING | D50: ='NCNO'!D9 | E50: ='NCNO'!E9 | F50: ='NCNO'!F9 | G50: ='NCNO'!G9 | H50: ='NCNO'!H9 | I50: ='NCNO'!I9 | J50: ='NCNO'!J9 | K50: ='NCNO'!K9 | ... X50: ='NCNO'!X9 | Z50: ='NCNO'!P23 | AA50: ='NCNO'!P15 | AB50: =IFERROR((Z50-AA50)/AA50,"-")
A51: FROG | B51: 0.0386 | C51: STABLE | D51: ='FROG'!D9 | E51: ='FROG'!E9 | F51: ='FROG'!F9 | G51: ='FROG'!G9 | H51: ='FROG'!H9 | I51: ='FROG'!I9 | J51: ='FROG'!J9 | K51: ='FROG'!K9 | ... W51: ='FROG'!W9 | Z51: ='FROG'!O23 | AA51: ='FROG'!O15 | AB51: =IFERROR((Z51-AA51)/AA51,"-")
A52: Total Revenue | D52: =SUM(D4:D51) | E52: =SUM(E4:E51) | F52: =SUM(F4:F51) | G52: =SUM(G4:G51) | H52: =SUM(D52:G52) | I52: =SUM(I4:I51) | J52: =SUM(J4:J51) | K52: =SUM(K4:K51) | L52: =SUM(L4:L51) | M52: =SUM(I52:L52) | N52: =SUM(N4:N51) | O52: =SUM(O4:O51) | P52: =SUM(P4:P51) | Q52: =SUM(Q4:Q51) | R52: =SUM(N52:Q52) | S52: =SUM(S4:S51) | T52: =SUM(T4:T51) | U52: =SUM(U4:U51) | V52: =SUM(V4:V51) | W52: =SUM(S52:V52) | X52: =SUM(X4:X51)
A53: Avg % YoY Growth | I53: =IFERROR((I52-D52)/D52,"-") | J53: =IFERROR((J52-E52)/E52,"-") | K53: =IFERROR((K52-F52)/F52,"-") | L53: =IFERROR((L52-G52)/G52,"-") | M53: =IFERROR((M52-H52)/H52,"-") | N53: =IFERROR((N52-I52)/I52,"-") | O53: =IFERROR((O52-J52)/J52,"-") | P53: =IFERROR((P52-K52)/K52,"-") | ... X53: =IFERROR((X52-S52)/S52,"-")
A55: % YoY
A56: ADBE | I56: =IFERROR((I4-D4)/D4,"-") | J56: =IFERROR((J4-E4)/E4,"-") | K56: =IFERROR((K4-F4)/F4,"-") | L56: =IFERROR((L4-G4)/G4,"-") | M56: =IFERROR((M4-H4)/H4,"-") | N56: =IFERROR((N4-I4)/I4,"-") | O56: =IFERROR((O4-J4)/J4,"-") | P56: =IFERROR((P4-K4)/K4,"-") | ... X56: =IFERROR((X4-S4)/S4,"-")
A57: INTU | I57: =IFERROR((I5-D5)/D5,"-") | J57: =IFERROR((J5-E5)/E5,"-") | K57: =IFERROR((K5-F5)/F5,"-") | L57: =IFERROR((L5-G5)/G5,"-") | M57: =IFERROR((M5-H5)/H5,"-") | N57: =IFERROR((N5-I5)/I5,"-") | O57: =IFERROR((O5-J5)/J5,"-") | P57: =IFERROR((P5-K5)/K5,"-") | ... X57: =IFERROR((X5-S5)/S5,"-")
A58: NOW | I58: =IFERROR((I6-D6)/D6,"-") | J58: =IFERROR((J6-E6)/E6,"-") | K58: =IFERROR((K6-F6)/F6,"-") | L58: =IFERROR((L6-G6)/G6,"-") | M58: =IFERROR((M6-H6)/H6,"-") | N58: =IFERROR((N6-I6)/I6,"-") | O58: =IFERROR((O6-J6)/J6,"-") | P58: =IFERROR((P6-K6)/K6,"-") | ... X58: =IFERROR((X6-S6)/S6,"-")
A59: PANW | I59: =IFERROR((I7-D7)/D7,"-") | J59: =IFERROR((J7-E7)/E7,"-") | K59: =IFERROR((K7-F7)/F7,"-") | L59: =IFERROR((L7-G7)/G7,"-") | M59: =IFERROR((M7-H7)/H7,"-") | N59: =IFERROR((N7-I7)/I7,"-") | O59: =IFERROR((O7-J7)/J7,"-") | P59: =IFERROR((P7-K7)/K7,"-") | ... X59: =IFERROR((X7-S7)/S7,"-")
A60: WDAY | I60: =IFERROR((I8-D8)/D8,"-") | J60: =IFERROR((J8-E8)/E8,"-") | K60: =IFERROR((K8-F8)/F8,"-") | L60: =IFERROR((L8-G8)/G8,"-") | M60: =IFERROR((M8-H8)/H8,"-") | N60: =IFERROR((N8-I8)/I8,"-") | O60: =IFERROR((O8-J8)/J8,"-") | P60: =IFERROR((P8-K8)/K8,"-") | ... X60: =IFERROR((X8-S8)/S8,"-")
A61: SNPS | I61: =IFERROR((I9-D9)/D9,"-") | J61: =IFERROR((J9-E9)/E9,"-") | K61: =IFERROR((K9-F9)/F9,"-") | L61: =IFERROR((L9-G9)/G9,"-") | M61: =IFERROR((M9-H9)/H9,"-") | N61: =IFERROR((N9-I9)/I9,"-") | O61: =IFERROR((O9-J9)/J9,"-") | P61: =IFERROR((P9-K9)/K9,"-") | ... X61: =IFERROR((X9-S9)/S9,"-")
A62: ROP | I62: =IFERROR((I10-D10)/D10,"-") | J62: =IFERROR((J10-E10)/E10,"-") | K62: =IFERROR((K10-F10)/F10,"-") | L62: =IFERROR((L10-G10)/G10,"-") | M62: =IFERROR((M10-H10)/H10,"-") | N62: =IFERROR((N10-I10)/I10,"-") | O62: =IFERROR((O10-J10)/J10,"-") | P62: =IFERROR((P10-K10)/K10,"-") | ... X62: =IFERROR((X10-S10)/S10,"-")
A63: ADSK | I63: =IFERROR((I11-D11)/D11,"-") | J63: =IFERROR((J11-E11)/E11,"-") | K63: =IFERROR((K11-F11)/F11,"-") | L63: =IFERROR((L11-G11)/G11,"-") | M63: =IFERROR((M11-H11)/H11,"-") | N63: =IFERROR((N11-I11)/I11,"-") | O63: =IFERROR((O11-J11)/J11,"-") | P63: =IFERROR((P11-K11)/K11,"-") | ... X63: =IFERROR((X11-S11)/S11,"-")
A64: FTNT | I64: =IFERROR((I12-D12)/D12,"-") | J64: =IFERROR((J12-E12)/E12,"-") | K64: =IFERROR((K12-F12)/F12,"-") | L64: =IFERROR((L12-G12)/G12,"-") | M64: =IFERROR((M12-H12)/H12,"-") | N64: =IFERROR((N12-I12)/I12,"-") | O64: =IFERROR((O12-J12)/J12,"-") | P64: =IFERROR((P12-K12)/K12,"-") | ... X64: =IFERROR((X12-S12)/S12,"-")
A65: TOST | I65: =IFERROR((I13-D13)/D13,"-") | J65: =IFERROR((J13-E13)/E13,"-") | K65: =IFERROR((K13-F13)/F13,"-") | L65: =IFERROR((L13-G13)/G13,"-") | M65: =IFERROR((M13-H13)/H13,"-") | N65: =IFERROR((N13-I13)/I13,"-") | O65: =IFERROR((O13-J13)/J13,"-") | P65: =IFERROR((P13-K13)/K13,"-") | ... X65: =IFERROR((X13-S13)/S13,"-")
A66: TEAM | I66: =IFERROR((I14-D14)/D14,"-") | J66: =IFERROR((J14-E14)/E14,"-") | K66: =IFERROR((K14-F14)/F14,"-") | L66: =IFERROR((L14-G14)/G14,"-") | M66: =IFERROR((M14-H14)/H14,"-") | N66: =IFERROR((N14-I14)/I14,"-") | O66: =IFERROR((O14-J14)/J14,"-") | P66: =IFERROR((P14-K14)/K14,"-") | ... X66: =IFERROR((X14-S14)/S14,"-")
A67: APP | I67: =IFERROR((I15-D15)/D15,"-") | J67: =IFERROR((J15-E15)/E15,"-") | K67: =IFERROR((K15-F15)/F15,"-") | L67: =IFERROR((L15-G15)/G15,"-") | M67: =IFERROR((M15-H15)/H15,"-") | N67: =IFERROR((N15-I15)/I15,"-") | O67: =IFERROR((O15-J15)/J15,"-") | P67: =IFERROR((P15-K15)/K15,"-") | ... X67: =IFERROR((X15-S15)/S15,"-")
... A104: Total Revenue | I104: =IFERROR((I52-D52)/D52,"-") | J104: =IFERROR((J52-E52)/E52,"-") | K104: =IFERROR((K52-F52)/F52,"-") | L104: =IFERROR((L52-G52)/G52,"-") | M104: =IFERROR((M52-H52)/H52,"-") | N104: =IFERROR((N52-I52)/I52,"-") | O104: =IFERROR((O52-J52)/J52,"-") | P104: =IFERROR((P52-K52)/K52,"-") | ... X104: =IFERROR((X52-S52)/S52,"-")
A106: % QoQ
A107: ADBE | E107: =IFERROR((E4-D4)/D4,"-") | F107: =IFERROR((F4-E4)/E4,"-") | G107: =IFERROR((G4-F4)/F4,"-") | I107: =IFERROR((I4-G4)/G4,"-") | J107: =IFERROR((J4-I4)/I4,"-") | K107: =IFERROR((K4-J4)/J4,"-") | L107: =IFERROR((L4-K4)/K4,"-") | N107: =IFERROR((N4-L4)/L4,"-") | O107: =IFERROR((O4-N4)/N4,"-") | P107: =IFERROR((P4-O4)/O4,"-") | Q107: =IFERROR((Q4-P4)/P4,"-") | S107: =IFERROR((S4-Q4)/Q4,"-") | T107: =IFERROR((T4-S4)/S4,"-") | U107: =IFERROR((U4-T4)/T4,"-") | V107: =IFERROR((V4-U4)/U4,"-") | X107: =IFERROR((X4-V4)/V4,"-")
A108: INTU | E108: =IFERROR((E5-D5)/D5,"-") | F108: =IFERROR((F5-E5)/E5,"-") | G108: =IFERROR((G5-F5)/F5,"-") | I108: =IFERROR((I5-G5)/G5,"-") | J108: =IFERROR((J5-I5)/I5,"-") | K108: =IFERROR((K5-J5)/J5,"-") | L108: =IFERROR((L5-K5)/K5,"-") | N108: =IFERROR((N5-L5)/L5,"-") | O108: =IFERROR((O5-N5)/N5,"-") | P108: =IFERROR((P5-O5)/O5,"-") | Q108: =IFERROR((Q5-P5)/P5,"-") | S108: =IFERROR((S5-Q5)/Q5,"-") | T108: =IFERROR((T5-S5)/S5,"-") | U108: =IFERROR((U5-T5)/T5,"-") | V108: =IFERROR((V5-U5)/U5,"-") | X108: =IFERROR((X5-V5)/V5,"-")
A109: NOW | E109: =IFERROR((E6-D6)/D6,"-") | F109: =IFERROR((F6-E6)/E6,"-") | G109: =IFERROR((G6-F6)/F6,"-") | I109: =IFERROR((I6-G6)/G6,"-") | J109: =IFERROR((J6-I6)/I6,"-") | K109: =IFERROR((K6-J6)/J6,"-") | L109: =IFERROR((L6-K6)/K6,"-") | N109: =IFERROR((N6-L6)/L6,"-") | O109: =IFERROR((O6-N6)/N6,"-") | P109: =IFERROR((P6-O6)/O6,"-") | Q109: =IFERROR((Q6-P6)/P6,"-") | S109: =IFERROR((S6-Q6)/Q6,"-") | T109: =IFERROR((T6-S6)/S6,"-") | U109: =IFERROR((U6-T6)/T6,"-") | V109: =IFERROR((V6-U6)/U6,"-") | X109: =IFERROR((X6-V6)/V6,"-")
A110: PANW | E110: =IFERROR((E7-D7)/D7,"-") | F110: =IFERROR((F7-E7)/E7,"-") | G110: =IFERROR((G7-F7)/F7,"-") | I110: =IFERROR((I7-G7)/G7,"-") | J110: =IFERROR((J7-I7)/I7,"-") | K110: =IFERROR((K7-J7)/J7,"-") | L110: =IFERROR((L7-K7)/K7,"-") | N110: =IFERROR((N7-L7)/L7,"-") | O110: =IFERROR((O7-N7)/N7,"-") | P110: =IFERROR((P7-O7)/O7,"-") | Q110: =IFERROR((Q7-P7)/P7,"-") | S110: =IFERROR((S7-Q7)/Q7,"-") | T110: =IFERROR((T7-S7)/S7,"-") | U110: =IFERROR((U7-T7)/T7,"-") | V110: =IFERROR((V7-U7)/U7,"-") | X110: =IFERROR((X7-V7)/V7,"-")
A111: WDAY | E111: =IFERROR((E8-D8)/D8,"-") | F111: =IFERROR((F8-E8)/E8,"-") | G111: =IFERROR((G8-F8)/F8,"-") | I111: =IFERROR((I8-G8)/G8,"-") | J111: =IFERROR((J8-I8)/I8,"-") | K111: =IFERROR((K8-J8)/J8,"-") | L111: =IFERROR((L8-K8)/K8,"-") | N111: =IFERROR((N8-L8)/L8,"-") | O111: =IFERROR((O8-N8)/N8,"-") | P111: =IFERROR((P8-O8)/O8,"-") | Q111: =IFERROR((Q8-P8)/P8,"-") | S111: =IFERROR((S8-Q8)/Q8,"-") | T111: =IFERROR((T8-S8)/S8,"-") | U111: =IFERROR((U8-T8)/T8,"-") | V111: =IFERROR((V8-U8)/U8,"-") | X111: =IFERROR((X8-V8)/V8,"-")
A112: SNPS | E112: =IFERROR((E9-D9)/D9,"-") | F112: =IFERROR((F9-E9)/E9,"-") | G112: =IFERROR((G9-F9)/F9,"-") | I112: =IFERROR((I9-G9)/G9,"-") | J112: =IFERROR((J9-I9)/I9,"-") | K112: =IFERROR((K9-J9)/J9,"-") | L112: =IFERROR((L9-K9)/K9,"-") | N112: =IFERROR((N9-L9)/L9,"-") | O112: =IFERROR((O9-N9)/N9,"-") | P112: =IFERROR((P9-O9)/O9,"-") | Q112: =IFERROR((Q9-P9)/P9,"-") | S112: =IFERROR((S9-Q9)/Q9,"-") | T112: =IFERROR((T9-S9)/S9,"-") | U112: =IFERROR((U9-T9)/T9,"-") | V112: =IFERROR((V9-U9)/U9,"-") | X112: =IFERROR((X9-V9)/V9,"-")
A113: ROP | E113: =IFERROR((E10-D10)/D10,"-") | F113: =IFERROR((F10-E10)/E10,"-") | G113: =IFERROR((G10-F10)/F10,"-") | I113: =IFERROR((I10-G10)/G10,"-") | J113: =IFERROR((J10-I10)/I10,"-") | K113: =IFERROR((K10-J10)/J10,"-") | L113: =IFERROR((L10-K10)/K10,"-") | N113: =IFERROR((N10-L10)/L10,"-") | O113: =IFERROR((O10-N10)/N10,"-") | P113: =IFERROR((P10-O10)/O10,"-") | Q113: =IFERROR((Q10-P10)/P10,"-") | S113: =IFERROR((S10-Q10)/Q10,"-") | T113: =IFERROR((T10-S10)/S10,"-") | U113: =IFERROR((U10-T10)/T10,"-") | V113: =IFERROR((V10-U10)/U10,"-") | X113: =IFERROR((X10-V10)/V10,"-")
A114: ADSK | E114: =IFERROR((E11-D11)/D11,"-") | F114: =IFERROR((F11-E11)/E11,"-") | G114: =IFERROR((G11-F11)/F11,"-") | I114: =IFERROR((I11-G11)/G11,"-") | J114: =IFERROR((J11-I11)/I11,"-") | K114: =IFERROR((K11-J11)/J11,"-") | L114: =IFERROR((L11-K11)/K11,"-") | N114: =IFERROR((N11-L11)/L11,"-") | O114: =IFERROR((O11-N11)/N11,"-") | P114: =IFERROR((P11-O11)/O11,"-") | Q114: =IFERROR((Q11-P11)/P11,"-") | S114: =IFERROR((S11-Q11)/Q11,"-") | T114: =IFERROR((T11-S11)/S11,"-") | U114: =IFERROR((U11-T11)/T11,"-") | V114: =IFERROR((V11-U11)/U11,"-") | X114: =IFERROR((X11-V11)/V11,"-")
A115: FTNT | E115: =IFERROR((E12-D12)/D12,"-") | F115: =IFERROR((F12-E12)/E12,"-") | G115: =IFERROR((G12-F12)/F12,"-") | I115: =IFERROR((I12-G12)/G12,"-") | J115: =IFERROR((J12-I12)/I12,"-") | K115: =IFERROR((K12-J12)/J12,"-") | L115: =IFERROR((L12-K12)/K12,"-") | N115: =IFERROR((N12-L12)/L12,"-") | O115: =IFERROR((O12-N12)/N12,"-") | P115: =IFERROR((P12-O12)/O12,"-") | Q115: =IFERROR((Q12-P12)/P12,"-") | S115: =IFERROR((S12-Q12)/Q12,"-") | T115: =IFERROR((T12-S12)/S12,"-") | U115: =IFERROR((U12-T12)/T12,"-") | V115: =IFERROR((V12-U12)/U12,"-") | X115: =IFERROR((X12-V12)/V12,"-")
A116: TOST | E116: =IFERROR((E13-D13)/D13,"-") | F116: =IFERROR((F13-E13)/E13,"-") | G116: =IFERROR((G13-F13)/F13,"-") | I116: =IFERROR((I13-G13)/G13,"-") | J116: =IFERROR((J13-I13)/I13,"-") | K116: =IFERROR((K13-J13)/J13,"-") | L116: =IFERROR((L13-K13)/K13,"-") | N116: =IFERROR((N13-L13)/L13,"-") | O116: =IFERROR((O13-N13)/N13,"-") | P116: =IFERROR((P13-O13)/O13,"-") | Q116: =IFERROR((Q13-P13)/P13,"-") | S116: =IFERROR((S13-Q13)/Q13,"-") | T116: =IFERROR((T13-S13)/S13,"-") | U116: =IFERROR((U13-T13)/T13,"-") | V116: =IFERROR((V13-U13)/U13,"-") | X116: =IFERROR((X13-V13)/V13,"-")
A117: TEAM | E117: =IFERROR((E14-D14)/D14,"-") | F117: =IFERROR((F14-E14)/E14,"-") | G117: =IFERROR((G14-F14)/F14,"-") | I117: =IFERROR((I14-G14)/G14,"-") | J117: =IFERROR((J14-I14)/I14,"-") | K117: =IFERROR((K14-J14)/J14,"-") | L117: =IFERROR((L14-K14)/K14,"-") | N117: =IFERROR((N14-L14)/L14,"-") | O117: =IFERROR((O14-N14)/N14,"-") | P117: =IFERROR((P14-O14)/O14,"-") | Q117: =IFERROR((Q14-P14)/P14,"-") | S117: =IFERROR((S14-Q14)/Q14,"-") | T117: =IFERROR((T14-S14)/S14,"-") | U117: =IFERROR((U14-T14)/T14,"-") | V117: =IFERROR((V14-U14)/U14,"-") | X117: =IFERROR((X14-V14)/V14,"-")
A118: APP | E118: =IFERROR((E15-D15)/D15,"-") | F118: =IFERROR((F15-E15)/E15,"-") | G118: =IFERROR((G15-F15)/F15,"-") | I118: =IFERROR((I15-G15)/G15,"-") | J118: =IFERROR((J15-I15)/I15,"-") | K118: =IFERROR((K15-J15)/J15,"-") | L118: =IFERROR((L15-K15)/K15,"-") | N118: =IFERROR((N15-L15)/L15,"-") | O118: =IFERROR((O15-N15)/N15,"-") | P118: =IFERROR((P15-O15)/O15,"-") | Q118: =IFERROR((Q15-P15)/P15,"-") | S118: =IFERROR((S15-Q15)/Q15,"-") | T118: =IFERROR((T15-S15)/S15,"-") | U118: =IFERROR((U15-T15)/T15,"-") | V118: =IFERROR((V15-U15)/U15,"-") | X118: =IFERROR((X15-V15)/V15,"-")
... A155: Total Revenue | E155: =IFERROR((E52-D52)/D52,"-") | F155: =IFERROR((F52-E52)/E52,"-") | G155: =IFERROR((G52-F52)/F52,"-") | I155: =IFERROR((I52-G52)/G52,"-") | J155: =IFERROR((J52-I52)/I52,"-") | K155: =IFERROR((K52-J52)/J52,"-") | L155: =IFERROR((L52-K52)/K52,"-") | N155: =IFERROR((N52-L52)/L52,"-") | O155: =IFERROR((O52-N52)/N52,"-") | P155: =IFERROR((P52-O52)/O52,"-") | Q155: =IFERROR((Q52-P52)/P52,"-") | S155: =IFERROR((S52-Q52)/Q52,"-") | T155: =IFERROR((T52-S52)/S52,"-") | U155: =IFERROR((U52-T52)/T52,"-") | V155: =IFERROR((V52-U52)/U52,"-") | X155: =IFERROR((X52-V52)/V52,"-")
A157: $ YoY
A158: ADBE | I158: =I4-D4 | J158: =J4-E4 | K158: =K4-F4 | L158: =L4-G4 | M158: =M4-H4 | N158: =N4-I4 | O158: =O4-J4 | P158: =P4-K4 | ... X158: =X4-S4
A159: INTU | I159: =I5-D5 | J159: =J5-E5 | K159: =K5-F5 | L159: =L5-G5 | M159: =M5-H5 | N159: =N5-I5 | O159: =O5-J5 | P159: =P5-K5 | ... X159: =X5-S5
A160: NOW | I160: =I6-D6 | J160: =J6-E6 | K160: =K6-F6 | L160: =L6-G6 | M160: =M6-H6 | N160: =N6-I6 | O160: =O6-J6 | P160: =P6-K6 | ... X160: =X6-S6
A161: PANW | I161: =I7-D7 | J161: =J7-E7 | K161: =K7-F7 | L161: =L7-G7 | M161: =M7-H7 | N161: =N7-I7 | O161: =O7-J7 | P161: =P7-K7 | ... X161: =X7-S7
A162: WDAY | I162: =I8-D8 | J162: =J8-E8 | K162: =K8-F8 | L162: =L8-G8 | M162: =M8-H8 | N162: =N8-I8 | O162: =O8-J8 | P162: =P8-K8 | ... X162: =X8-S8
A163: SNPS | I163: =I9-D9 | J163: =J9-E9 | K163: =K9-F9 | L163: =L9-G9 | M163: =M9-H9 | N163: =N9-I9 | O163: =O9-J9 | P163: =P9-K9 | ... X163: =X9-S9
A164: ROP | I164: =I10-D10 | J164: =J10-E10 | K164: =K10-F10 | L164: =L10-G10 | M164: =M10-H10 | N164: =N10-I10 | O164: =O10-J10 | P164: =P10-K10 | ... X164: =X10-S10
A165: ADSK | I165: =I11-D11 | J165: =J11-E11 | K165: =K11-F11 | L165: =L11-G11 | M165: =M11-H11 | N165: =N11-I11 | O165: =O11-J11 | P165: =P11-K11 | ... X165: =X11-S11
A166: FTNT | I166: =I12-D12 | J166: =J12-E12 | K166: =K12-F12 | L166: =L12-G12 | M166: =M12-H12 | N166: =N12-I12 | O166: =O12-J12 | P166: =P12-K12 | ... X166: =X12-S12
A167: TOST | I167: =I13-D13 | J167: =J13-E13 | K167: =K13-F13 | L167: =L13-G13 | M167: =M13-H13 | N167: =N13-I13 | O167: =O13-J13 | P167: =P13-K13 | ... X167: =X13-S13
A168: TEAM | I168: =I14-D14 | J168: =J14-E14 | K168: =K14-F14 | L168: =L14-G14 | M168: =M14-H14 | N168: =N14-I14 | O168: =O14-J14 | P168: =P14-K14 | ... X168: =X14-S14
A169: APP | I169: =I15-D15 | J169: =J15-E15 | K169: =K15-F15 | L169: =L15-G15 | M169: =M15-H15 | N169: =N15-I15 | O169: =O15-J15 | P169: =P15-K15 | ... X169: =X15-S15
... A206: Total Revenue | I206: =I52-D52 | J206: =J52-E52 | K206: =K52-F52 | L206: =L52-G52 | M206: =M52-H52 | N206: =N52-I52 | O206: =O52-J52 | P206: =P52-K52 | ... X206: =X52-S52
A208: $ QoQ
A209: ADBE | E209: =E4-D4 | F209: =F4-E4 | G209: =G4-F4 | I209: =I4-G4 | J209: =J4-I4 | K209: =K4-J4 | L209: =L4-K4 | N209: =N4-L4 | O209: =O4-N4 | P209: =P4-O4 | Q209: =Q4-P4 | S209: =S4-Q4 | T209: =T4-S4 | U209: =U4-T4 | V209: =V4-U4 | X209: =X4-V4
A210: INTU | E210: =E5-D5 | F210: =F5-E5 | G210: =G5-F5 | I210: =I5-G5 | J210: =J5-I5 | K210: =K5-J5 | L210: =L5-K5 | N210: =N5-L5 | O210: =O5-N5 | P210: =P5-O5 | Q210: =Q5-P5 | S210: =S5-Q5 | T210: =T5-S5 | U210: =U5-T5 | V210: =V5-U5 | X210: =X5-V5
A211: NOW | E211: =E6-D6 | F211: =F6-E6 | G211: =G6-F6 | I211: =I6-G6 | J211: =J6-I6 | K211: =K6-J6 | L211: =L6-K6 | N211: =N6-L6 | O211: =O6-N6 | P211: =P6-O6 | Q211: =Q6-P6 | S211: =S6-Q6 | T211: =T6-S6 | U211: =U6-T6 | V211: =V6-U6 | X211: =X6-V6
A212: PANW | E212: =E7-D7 | F212: =F7-E7 | G212: =G7-F7 | I212: =I7-G7 | J212: =J7-I7 | K212: =K7-J7 | L212: =L7-K7 | N212: =N7-L7 | O212: =O7-N7 | P212: =P7-O7 | Q212: =Q7-P7 | S212: =S7-Q7 | T212: =T7-S7 | U212: =U7-T7 | V212: =V7-U7 | X212: =X7-V7
...

Sheet SNOW
B1: SNOW: KIN Base Case Operating Model
B2: USD in Millions Unless Stated Otherwise
B3: Beat Cadence (%) | C3: 0.0352
B4: Beat Window | C4: 8Q
B5: Momentum | C5: STABLE
D7: Q1-24 | E7: Q2-24 | F7: Q3-24 | G7: Q4-24 | H7: FY24 | I7: Q1-25 | J7: Q2-25 | K7: Q3-25 | L7: Q4-25 | M7: FY25 | N7: Q1-26 | O7: Q2-26E | P7: Q3-26E | Q7: Q4-26E | R7: FY26E | S7: Q1-27E | T7: Q2-27E | U7: Q3-27E | V7: Q4-27E | W7: FY27E | X7: Q1-28E
B9: Total Revenue | D9: 774.699 | E9: 828.709 | F9: 868.823 | G9: 942.094 | H9: =SUM(D9:G9) | I9: 986.77 | J9: 1042.074 | K9: 1144.969 | L9: 1212.909 | M9: =SUM(I9:L9) | N9: 1283.994 | O9: =N9+O13 | P9: =O9+P13 | Q9: =P9+Q13 | R9: =SUM(N9:Q9) | S9: =Q9+S13 | T9: =S9+T13 | U9: =T9+U13 | V9: =U9+V13 | W9: =SUM(S9:V9) | X9: =V9+X13
B10: % YoY | I10: =IFERROR((I9-D9)/D9,"-") | J10: =IFERROR((J9-E9)/E9,"-") | K10: =IFERROR((K9-F9)/F9,"-") | L10: =IFERROR((L9-G9)/G9,"-") | M10: =IFERROR((M9-H9)/H9,"-") | N10: =IFERROR((N9-I9)/I9,"-") | O10: =IFERROR((O9-J9)/J9,"-") | P10: =IFERROR((P9-K9)/K9,"-") | ... X10: =IFERROR((X9-S9)/S9,"-")
B11: % QoQ | E11: =IFERROR((E9-D9)/D9,"-") | F11: =IFERROR((F9-E9)/E9,"-") | G11: =IFERROR((G9-F9)/F9,"-") | I11: =IFERROR((I9-G9)/G9,"-") | J11: =IFERROR((J9-I9)/I9,"-") | K11: =IFERROR((K9-J9)/J9,"-") | L11: =IFERROR((L9-K9)/K9,"-") | N11: =IFERROR((N9-L9)/L9,"-") | O11: =IFERROR((O9-N9)/N9,"-") | P11: =IFERROR((P9-O9)/O9,"-") | Q11: =IFERROR((Q9-P9)/P9,"-") | S11: =IFERROR((S9-Q9)/Q9,"-") | T11: =IFERROR((T9-S9)/S9,"-") | U11: =IFERROR((U9-T9)/T9,"-") | V11: =IFERROR((V9-U9)/U9,"-") | X11: =IFERROR((X9-V9)/V9,"-")
B12: $ YoY | I12: =I9-D9 | J12: =J9-E9 | K12: =K9-F9 | L12: =L9-G9 | M12: =M9-H9 | N12: =N9-I9 | O12: =O9-J9 | P12: =P9-K9 | ... X12: =X9-S9
B13: $ QoQ | E13: =E9-D9 | F13: =F9-E9 | G13: =G9-F9 | I13: =I9-G9 | J13: =J9-I9 | K13: =K9-J9 | L13: =L9-K9 | N13: =N9-L9 | O13: 78.569223 | P13: 57.632653 | Q13: 73.878316 | S13: 75.776472 | T13: 80.056524 | U13: 76.922439 | V13: 82.482094 | X13: 86.472586
B15: Consensus Total Revenue | O15: 1316.2319 | P15: 1446.1974 | Q15: 1531.388 | S15: 1620.3051 | T15: 1654.7962 | U15: 1777.674 | V15: 1886.2974 | W15: =SUM(S15:V15) | X15: 1982.0605
B16: % YoY | T16: =IFERROR((T15-O15)/O15,"-") | U16: =IFERROR((U15-P15)/P15,"-") | V16: =IFERROR((V15-Q15)/Q15,"-") | X16: =IFERROR((X15-S15)/S15,"-")
B17: % QoQ | P17: =IFERROR((P15-O15)/O15,"-") | Q17: =IFERROR((Q15-P15)/P15,"-") | S17: =IFERROR((S15-Q15)/Q15,"-") | T17: =IFERROR((T15-S15)/S15,"-") | U17: =IFERROR((U15-T15)/T15,"-") | V17: =IFERROR((V15-U15)/U15,"-") | X17: =IFERROR((X15-V15)/V15,"-")
B18: $ YoY | T18: =T15-O15 | U18: =U15-P15 | V18: =V15-Q15 | X18: =X15-S15
B19: $ QoQ | P19: =P15-O15 | Q19: =Q15-P15 | S19: =S15-Q15 | T19: =T15-S15 | U19: =U15-T15 | V19: =V15-U15 | X19: =X15-V15
B21: % Variance vs Consensus | O21: =IFERROR((O9-O15)/O15,"-") | P21: =IFERROR((P9-P15)/P15,"-") | Q21: =IFERROR((Q9-Q15)/Q15,"-") | R21: =IFERROR((R9-R15)/R15,"-") | S21: =IFERROR((S9-S15)/S15,"-") | T21: =IFERROR((T9-T15)/T15,"-") | U21: =IFERROR((U9-U15)/U15,"-") | V21: =IFERROR((V9-V15)/V15,"-") | ... X21: =IFERROR((X9-X15)/X15,"-")
B23: Implied Q+2 Guide | P23: =P9/(1+$C$3)
B24: % YoY | P24: =IFERROR((P23-K9)/K9,"-")
B25: % QoQ | P25: =IFERROR((P23-O9)/O9,"-")
B26: $ YoY | P26: =P23-K9
B27: $ QoQ | P27: =P23-O9
B29: % Variance Guide vs Consensus | P29: =IFERROR((P23-P15)/P15,"-")
B31: Actuals vs Consensus
B32: Actual Revenue | D32: 774.699 | E32: 828.709 | F32: 868.823 | G32: 942.094 | H32: =SUM(D32:G32) | I32: 986.77 | J32: 1042.074 | K32: 1144.969 | L32: 1212.909 | M32: =SUM(I32:L32) | N32: 1283.994
B33: Consensus Revenue | D33: 760.43181 | E33: 788.103 | F33: 853.11178 | G33: 899.30699 | H33: =SUM(D33:G33) | I33: 957.78921 | J33: 1006.2994 | K33: 1088.0741 | L33: 1184.3406 | M33: =SUM(I33:L33) | N33: 1256.722
B34: Beat / Miss ($) | D34: =D32-D33 | E34: =E32-E33 | F34: =F32-F33 | G34: =G32-G33 | H34: =H32-H33 | I34: =I32-I33 | J34: =J32-J33 | K34: =K32-K33 | ... N34: =N32-N33
B35: Beat / Miss (%) | D35: =IFERROR((D32-D33)/D33,"-") | E35: =IFERROR((E32-E33)/E33,"-") | F35: =IFERROR((F32-F33)/F33,"-") | G35: =IFERROR((G32-G33)/G33,"-") | H35: =IFERROR((H32-H33)/H33,"-") | I35: =IFERROR((I32-I33)/I33,"-") | J35: =IFERROR((J32-J33)/J33,"-") | K35: =IFERROR((K32-K33)/K33,"-") | ... N35: =IFERROR((N32-N33)/N33,"-")
B37: Trailing 4Q Avg Beat | C37: =AVERAGE(J35,K35,L35,N35)
B38: Trailing 8Q Avg Beat | C38: =AVERAGE(E35,F35,G35,I35,J35,K35,L35,N35)
B39: Selected Beat Cadence | C39: 0.0352

Sheet DDOG
B1: DDOG: KIN Base Case Operating Model
B2: USD in Millions Unless Stated Otherwise
B3: Beat Cadence (%) | C3: 0.0349
B4: Beat Window | C4: 8Q
B5: Momentum | C5: STABLE
D7: Q1-24 | E7: Q2-24 | F7: Q3-24 | G7: Q4-24 | H7: FY24 | I7: Q1-25 | J7: Q2-25 | K7: Q3-25 | L7: Q4-25 | M7: FY25 | N7: Q1-26E | O7: Q2-26E | P7: Q3-26E | Q7: Q4-26E | R7: FY26E | S7: Q1-27E | T7: Q2-27E | U7: Q3-27E | V7: Q4-27E | W7: FY27E
B9: Total Revenue | D9: 611.253 | E9: 645.279 | F9: 690.016 | G9: 737.727 | H9: =SUM(D9:G9) | I9: 761.553 | J9: 826.76 | K9: 885.651 | L9: 953.194 | M9: =SUM(I9:L9) | N9: =L9+N13 | O9: =N9+O13 | P9: =O9+P13 | Q9: =P9+Q13 | R9: =SUM(N9:Q9) | S9: =Q9+S13 | T9: =S9+T13 | U9: =T9+U13 | V9: =U9+V13 | W9: =SUM(S9:V9)
B10: % YoY | I10: =IFERROR((I9-D9)/D9,"-") | J10: =IFERROR((J9-E9)/E9,"-") | K10: =IFERROR((K9-F9)/F9,"-") | L10: =IFERROR((L9-G9)/G9,"-") | M10: =IFERROR((M9-H9)/H9,"-") | N10: =IFERROR((N9-I9)/I9,"-") | O10: =IFERROR((O9-J9)/J9,"-") | P10: =IFERROR((P9-K9)/K9,"-") | ... W10: =IFERROR((W9-R9)/R9,"-")
B11: % QoQ | E11: =IFERROR((E9-D9)/D9,"-") | F11: =IFERROR((F9-E9)/E9,"-") | G11: =IFERROR((G9-F9)/F9,"-") | I11: =IFERROR((I9-G9)/G9,"-") | J11: =IFERROR((J9-I9)/I9,"-") | K11: =IFERROR((K9-J9)/J9,"-") | L11: =IFERROR((L9-K9)/K9,"-") | N11: =IFERROR((N9-L9)/L9,"-") | O11: =IFERROR((O9-N9)/N9,"-") | P11: =IFERROR((P9-O9)/O9,"-") | Q11: =IFERROR((Q9-P9)/P9,"-") | S11: =IFERROR((S9-Q9)/Q9,"-") | T11: =IFERROR((T9-S9)/S9,"-") | U11: =IFERROR((U9-T9)/T9,"-") | V11: =IFERROR((V9-U9)/U9,"-")
B12: $ YoY | I12: =I9-D9 | J12: =J9-E9 | K12: =K9-F9 | L12: =L9-G9 | M12: =M9-H9 | N12: =N9-I9 | O12: =O9-J9 | P12: =P9-K9 | ... W12: =W9-R9
B13: $ QoQ | E13: =E9-D9 | F13: =F9-E9 | G13: =G9-F9 | I13: =I9-G9 | J13: =J9-I9 | K13: =K9-J9 | L13: =L9-K9 | N13: 36.1704 | O13: 32.854789 | P13: 59.307231 | Q13: 64.292587 | S13: 40.352753 | T13: 54.271897 | U13: 60.658508 | V13: 66.764154
B15: Consensus Total Revenue | N15: 956 | O15: 992.56722 | P15: 1047.1315 | Q15: 1112.3427 | R15: =SUM(N15:Q15) | S15: 1141.0986 | T15: 1182.0816 | U15: 1246.3868 | V15: 1326.5623 | W15: =SUM(S15:V15)
B16: % YoY | S16: =IFERROR((S15-N15)/N15,"-") | T16: =IFERROR((T15-O15)/O15,"-") | U16: =IFERROR((U15-P15)/P15,"-") | V16: =IFERROR((V15-Q15)/Q15,"-") | W16: =IFERROR((W15-R15)/R15,"-")
B17: % QoQ | O17: =IFERROR((O15-N15)/N15,"-") | P17: =IFERROR((P15-O15)/O15,"-") | Q17: =IFERROR((Q15-P15)/P15,"-") | S17: =IFERROR((S15-Q15)/Q15,"-") | T17: =IFERROR((T15-S15)/S15,"-") | U17: =IFERROR((U15-T15)/T15,"-") | V17: =IFERROR((V15-U15)/U15,"-")
B18: $ YoY | S18: =S15-N15 | T18: =T15-O15 | U18: =U15-P15 | V18: =V15-Q15 | W18: =W15-R15
B19: $ QoQ | O19: =O15-N15 | P19: =P15-O15 | Q19: =Q15-P15 | S19: =S15-Q15 | T19: =T15-S15 | U19: =U15-T15 | V19: =V15-U15
B21: % Variance vs Consensus | N21: =IFERROR((N9-N15)/N15,"-") | O21: =IFERROR((O9-O15)/O15,"-") | P21: =IFERROR((P9-P15)/P15,"-") | Q21: =IFERROR((Q9-Q15)/Q15,"-") | R21: =IFERROR((R9-R15)/R15,"-") | S21: =IFERROR((S9-S15)/S15,"-") | T21: =IFERROR((T9-T15)/T15,"-") | U21: =IFERROR((U9-U15)/U15,"-") | ... W21: =IFERROR((W9-W15)/W15,"-")
B23: Implied Q+2 Guide | O23: =O9/(1+$C$3)
B24: % YoY | O24: =IFERROR((O23-J9)/J9,"-")
B25: % QoQ | O25: =IFERROR((O23-N9)/N9,"-")
B26: $ YoY | O26: =O23-J9
B27: $ QoQ | O27: =O23-N9
B29: % Variance Guide vs Consensus | O29: =IFERROR((O23-O15)/O15,"-")
B31: Actuals vs Consensus
B32: Actual Revenue | D32: 611.253 | E32: 645.279 | F32: 690.016 | G32: 737.727 | H32: =SUM(D32:G32) | I32: 761.553 | J32: 826.76 | K32: 885.651 | L32: 953.194 | M32: =SUM(I32:L32)
B33: Consensus Revenue | D33: 592.03185 | E33: 626.89173 | F33: 665.04114 | G33: 715.17878 | H33: =SUM(D33:G33) | I33: 741.41308 | J33: 791.12383 | K33: 852.76166 | L33: 918.7008 | M33: =SUM(I33:L33)
B34: Beat / Miss ($) | D34: =D32-D33 | E34: =E32-E33 | F34: =F32-F33 | G34: =G32-G33 | H34: =H32-H33 | I34: =I32-I33 | J34: =J32-J33 | K34: =K32-K33 | ... M34: =M32-M33
B35: Beat / Miss (%) | D35: =IFERROR((D32-D33)/D33,"-") | E35: =IFERROR((E32-E33)/E33,"-") | F35: =IFERROR((F32-F33)/F33,"-") | G35: =IFERROR((G32-G33)/G33,"-") | H35: =IFERROR((H32-H33)/H33,"-") | I35: =IFERROR((I32-I33)/I33,"-") | J35: =IFERROR((J32-J33)/J33,"-") | K35: =IFERROR((K32-K33)/K33,"-") | ... M35: =IFERROR((M32-M33)/M33,"-")
B37: Trailing 4Q Avg Beat | C37: =AVERAGE(I35,J35,K35,L35)
B38: Trailing 8Q Avg Beat | C38: =AVERAGE(D35,E35,F35,G35,I35,J35,K35,L35)
B39: Selected Beat Cadence | C39: 0.0349

Sheet MDB
B1: MDB: KIN Base Case Operating Model
B2: USD in Millions Unless Stated Otherwise
B3: Beat Cadence (%) | C3: 0.0505
B4: Beat Window | C4: 4Q
B5: Momentum | C5: STABLE
D7: Q1-24 | E7: Q2-24 | F7: Q3-24 | G7: Q4-24 | H7: FY24 | I7: Q1-25 | J7: Q2-25 | K7: Q3-25 | L7: Q4-25 | M7: FY25 | N7: Q1-26 | O7: Q2-26E | P7: Q3-26E | Q7: Q4-26E | R7: FY26E | S7: Q1-27E | T7: Q2-27E | U7: Q3-27E | V7: Q4-27E | W7: FY27E | X7: Q1-28E
B9: Total Revenue | D9: 458.002 | E9: 450.561 | F9: 478.109 | G9: 529.375 | H9: =SUM(D9:G9) | I9: 548.398 | J9: 549.014 | K9: 591.402 | L9: 628.309 | M9: =SUM(I9:L9) | N9: 695.072 | O9: =N9+O13 | P9: =O9+P13 | Q9: =P9+Q13 | R9: =SUM(N9:Q9) | S9: =Q9+S13 | T9: =S9+T13 | U9: =T9+U13 | V9: =U9+V13 | W9: =SUM(S9:V9) | X9: =V9+X13
B10: % YoY | I10: =IFERROR((I9-D9)/D9,"-") | J10: =IFERROR((J9-E9)/E9,"-") | K10: =IFERROR((K9-F9)/F9,"-") | L10: =IFERROR((L9-G9)/G9,"-") | M10: =IFERROR((M9-H9)/H9,"-") | N10: =IFERROR((N9-I9)/I9,"-") | O10: =IFERROR((O9-J9)/J9,"-") | P10: =IFERROR((P9-K9)/K9,"-") | ... X10: =IFERROR((X9-S9)/S9,"-")
B11: % QoQ | E11: =IFERROR((E9-D9)/D9,"-") | F11: =IFERROR((F9-E9)/E9,"-") | G11: =IFERROR((G9-F9)/F9,"-") | I11: =IFERROR((I9-G9)/G9,"-") | J11: =IFERROR((J9-I9)/I9,"-") | K11: =IFERROR((K9-J9)/J9,"-") | L11: =IFERROR((L9-K9)/K9,"-") | N11: =IFERROR((N9-L9)/L9,"-") | O11: =IFERROR((O9-N9)/N9,"-") | P11: =IFERROR((P9-O9)/O9,"-") | Q11: =IFERROR((Q9-P9)/P9,"-") | S11: =IFERROR((S9-Q9)/Q9,"-") | T11: =IFERROR((T9-S9)/S9,"-") | U11: =IFERROR((U9-T9)/T9,"-") | V11: =IFERROR((V9-U9)/U9,"-") | X11: =IFERROR((X9-V9)/V9,"-")
B12: $ YoY | I12: =I9-D9 | J12: =J9-E9 | K12: =K9-F9 | L12: =L9-G9 | M12: =M9-H9 | N12: =N9-I9 | O12: =O9-J9 | P12: =P9-K9 | ... X12: =X9-S9
B13: $ QoQ | E13: =E9-D9 | F13: =F9-E9 | G13: =G9-F9 | I13: =I9-G9 | J13: =J9-I9 | K13: =K9-J9 | L13: =L9-K9 | N13: =N9-L9 | O13: -16.574448 | P13: 32.030919 | Q13: 55.52654 | S13: 45.064476 | T13: 10.768684 | U13: 28.598296 | V13: 44.447627 | X13: 45.164744
B15: Consensus Total Revenue | O15: 645.88058 | P15: 695.74741 | Q15: 738.55771 | S15: 796.66081 | T15: 777.20729 | U15: 821.78655 | V15: 867.66845 | W15: =SUM(S15:V15) | X15: 931.85208
B16: % YoY | T16: =IFERROR((T15-O15)/O15,"-") | U16: =IFERROR((U15-P15)/P15,"-") | V16: =IFERROR((V15-Q15)/Q15,"-") | X16: =IFERROR((X15-S15)/S15,"-")
B17: % QoQ | P17: =IFERROR((P15-O15)/O15,"-") | Q17: =IFERROR((Q15-P15)/P15,"-") | S17: =IFERROR((S15-Q15)/Q15,"-") | T17: =IFERROR((T15-S15)/S15,"-") | U17: =IFERROR((U15-T15)/T15,"-") | V17: =IFERROR((V15-U15)/U15,"-") | X17: =IFERROR((X15-V15)/V15,"-")
B18: $ YoY | T18: =T15-O15 | U18: =U15-P15 | V18: =V15-Q15 | X18: =X15-S15
B19: $ QoQ | P19: =P15-O15 | Q19: =Q15-P15 | S19: =S15-Q15 | T19: =T15-S15 | U19: =U15-T15 | V19: =V15-U15 | X19: =X15-V15
B21: % Variance vs Consensus | O21: =IFERROR((O9-O15)/O15,"-") | P21: =IFERROR((P9-P15)/P15,"-") | Q21: =IFERROR((Q9-Q15)/Q15,"-") | R21: =IFERROR((R9-R15)/R15,"-") | S21: =IFERROR((S9-S15)/S15,"-") | T21: =IFERROR((T9-T15)/T15,"-") | U21: =IFERROR((U9-U15)/U15,"-") | V21: =IFERROR((V9-V15)/V15,"-") | ... X21: =IFERROR((X9-X15)/X15,"-")
B23: Implied Q+2 Guide | P23: =P9/(1+$C$3)
B24: % YoY | P24: =IFERROR((P23-K9)/K9,"-")
B25: % QoQ | P25: =IFERROR((P23-O9)/O9,"-")
B26: $ YoY | P26: =P23-K9
B27: $ QoQ | P27: =P23-O9
B29: % Variance Guide vs Consensus | P29: =IFERROR((P23-P15)/P15,"-")
B31: Actuals vs Consensus
B32: Actual Revenue | D32: 458.002 | E32: 450.561 | F32: 478.109 | G32: 529.375 | H32: =SUM(D32:G32) | I32: 548.398 | J32: 549.014 | K32: 591.402 | L32: 628.309 | M32: =SUM(I32:L32) | N32: 695.072
B33: Consensus Revenue | D33: 437.18812 | E33: 441.4411 | F33: 465.02827 | G33: 497.24119 | H33: =SUM(D33:G33) | I33: 520.64589 | J33: 528.12026 | K33: 554.05889 | L33: 593.93326 | M33: =SUM(I33:L33) | N33: 670.0789
B34: Beat / Miss ($) | D34: =D32-D33 | E34: =E32-E33 | F34: =F32-F33 | G34: =G32-G33 | H34: =H32-H33 | I34: =I32-I33 | J34: =J32-J33 | K34: =K32-K33 | ... N34: =N32-N33
B35: Beat / Miss (%) | D35: =IFERROR((D32-D33)/D33,"-") | E35: =IFERROR((E32-E33)/E33,"-") | F35: =IFERROR((F32-F33)/F33,"-") | G35: =IFERROR((G32-G33)/G33,"-") | H35: =IFERROR((H32-H33)/H33,"-") | I35: =IFERROR((I32-I33)/I33,"-") | J35: =IFERROR((J32-J33)/J33,"-") | K35: =IFERROR((K32-K33)/K33,"-") | ... N35: =IFERROR((N32-N33)/N33,"-")
B37: Trailing 4Q Avg Beat | C37: =AVERAGE(J35,K35,L35,N35)
B38: Trailing 8Q Avg Beat | C38: =AVERAGE(E35,F35,G35,I35,J35,K35,L35,N35)
B39: Selected Beat Cadence | C39: 0.0505

Sheet TENB
B1: TENB: KIN Base Case Operating Model
B2: USD in Millions Unless Stated Otherwise
B3: Beat Cadence (%) | C3: 0.0171
B4: Beat Window | C4: 4Q
B5: Momentum | C5: STABLE
D7: Q1-24 | E7: Q2-24 | F7: Q3-24 | G7: Q4-24 | H7: FY24 | I7: Q1-25 | J7: Q2-25 | K7: Q3-25 | L7: Q4-25 | M7: FY25 | N7: Q1-26E | O7: Q2-26E | P7: Q3-26E | Q7: Q4-26E | R7: FY26E | S7: Q1-27E | T7: Q2-27E | U7: Q3-27E | V7: Q4-27E | W7: FY27E
B9: Total Revenue | D9: 215.961 | E9: 221.241 | F9: 227.088 | G9: 235.731 | H9: =SUM(D9:G9) | I9: 239.137 | J9: 247.295 | K9: 252.44 | L9: 260.533 | M9: =SUM(I9:L9) | N9: =L9+N13 | O9: =N9+O13 | P9: =O9+P13 | Q9: =P9+Q13 | R9: =SUM(N9:Q9) | S9: =Q9+S13 | T9: =S9+T13 | U9: =T9+U13 | V9: =U9+V13 | W9: =SUM(S9:V9)
B10: % YoY | I10: =IFERROR((I9-D9)/D9,"-") | J10: =IFERROR((J9-E9)/E9,"-") | K10: =IFERROR((K9-F9)/F9,"-") | L10: =IFERROR((L9-G9)/G9,"-") | M10: =IFERROR((M9-H9)/H9,"-") | N10: =IFERROR((N9-I9)/I9,"-") | O10: =IFERROR((O9-J9)/J9,"-") | P10: =IFERROR((P9-K9)/K9,"-") | ... W10: =IFERROR((W9-R9)/R9,"-")
B11: % QoQ | E11: =IFERROR((E9-D9)/D9,"-") | F11: =IFERROR((F9-E9)/E9,"-") | G11: =IFERROR((G9-F9)/F9,"-") | I11: =IFERROR((I9-G9)/G9,"-") | J11: =IFERROR((J9-I9)/I9,"-") | K11: =IFERROR((K9-J9)/J9,"-") | L11: =IFERROR((L9-K9)/K9,"-") | N11: =IFERROR((N9-L9)/L9,"-") | O11: =IFERROR((O9-N9)/N9,"-") | P11: =IFERROR((P9-O9)/O9,"-") | Q11: =IFERROR((Q9-P9)/P9,"-") | S11: =IFERROR((S9-Q9)/Q9,"-") | T11: =IFERROR((T9-S9)/S9,"-") | U11: =IFERROR((U9-T9)/T9,"-") | V11: =IFERROR((V9-U9)/U9,"-")
B12: $ YoY | I12: =I9-D9 | J12: =J9-E9 | K12: =K9-F9 | L12: =L9-G9 | M12: =M9-H9 | N12: =N9-I9 | O12: =O9-J9 | P12: =P9-K9 | ... W12: =W9-R9
B13: $ QoQ | E13: =E9-D9 | F13: =F9-E9 | G13: =G9-F9 | I13: =I9-G9 | J13: =J9-I9 | K13: =K9-J9 | L13: =L9-K9 | N13: 0.077831 | O13: 11.476605 | P13: 5.937786 | Q13: 7.525493 | S13: 5.499063 | T13: 6.956187 | U13: 6.531518 | V13: 7.330487
B15: Consensus Total Revenue | N15: 256.22931 | O15: 264.9704 | P15: 269.71966 | Q15: 277.69799 | R15: =SUM(N15:Q15) | S15: 278.28426 | T15: 284.18935 | U15: 289.31136 | V15: 297.74696 | W15: =SUM(S15:V15)
B16: % YoY | S16: =IFERROR((S15-N15)/N15,"-") | T16: =IFERROR((T15-O15)/O15,"-") | U16: =IFERROR((U15-P15)/P15,"-") | V16: =IFERROR((V15-Q15)/Q15,"-") | W16: =IFERROR((W15-R15)/R15,"-")
B17: % QoQ | O17: =IFERROR((O15-N15)/N15,"-") | P17: =IFERROR((P15-O15)/O15,"-") | Q17: =IFERROR((Q15-P15)/P15,"-") | S17: =IFERROR((S15-Q15)/Q15,"-") | T17: =IFERROR((T15-S15)/S15,"-") | U17: =IFERROR((U15-T15)/T15,"-") | V17: =IFERROR((V15-U15)/U15,"-")
B18: $ YoY | S18: =S15-N15 | T18: =T15-O15 | U18: =U15-P15 | V18: =V15-Q15 | W18: =W15-R15
B19: $ QoQ | O19: =O15-N15 | P19: =P15-O15 | Q19: =Q15-P15 | S19: =S15-Q15 | T19: =T15-S15 | U19: =U15-T15 | V19: =V15-U15
B21: % Variance vs Consensus | N21: =IFERROR((N9-N15)/N15,"-") | O21: =IFERROR((O9-O15)/O15,"-") | P21: =IFERROR((P9-P15)/P15,"-") | Q21: =IFERROR((Q9-Q15)/Q15,"-") | R21: =IFERROR((R9-R15)/R15,"-") | S21: =IFERROR((S9-S15)/S15,"-") | T21: =IFERROR((T9-T15)/T15,"-") | U21: =IFERROR((U9-U15)/U15,"-") | ... W21: =IFERROR((W9-W15)/W15,"-")
B23: Implied Q+2 Guide | O23: =O9/(1+$C$3)
B24: % YoY | O24: =IFERROR((O23-J9)/J9,"-")
B25: % QoQ | O25: =IFERROR((O23-N9)/N9,"-")
B26: $ YoY | O26: =O23-J9
B27: $ QoQ | O27: =O23-N9
B29: % Variance Guide vs Consensus | O29: =IFERROR((O23-O15)/O15,"-")
B31: Actuals vs Consensus
B32: Actual Revenue | D32: 215.961 | E32: 221.241 | F32: 227.088 | G32: 235.731 | H32: =SUM(D32:G32) | I32: 239.137 | J32: 247.295 | K32: 252.44 | L32: 260.533 | M32: =SUM(I32:L32)
B33: Consensus Revenue | D33: 213.55454 | E33: 218.44 | F33: 231.47 | G33: 232.02464 | H33: =SUM(D33:G33) | I33: 234.02901 | J33: 245.12115 | K33: 251.79071 | L33: 251.7559 | M33: =SUM(I33:L33)
B34: Beat / Miss ($) | D34: =D32-D33 | E34: =E32-E33 | F34: =F32-F33 | G34: =G32-G33 | H34: =H32-H33 | I34: =I32-I33 | J34: =J32-J33 | K34: =K32-K33 | ... M34: =M32-M33
B35: Beat / Miss (%) | D35: =IFERROR((D32-D33)/D33,"-") | E35: =IFERROR((E32-E33)/E33,"-") | F35: =IFERROR((F32-F33)/F33,"-") | G35: =IFERROR((G32-G33)/G33,"-") | H35: =IFERROR((H32-H33)/H33,"-") | I35: =IFERROR((I32-I33)/I33,"-") | J35: =IFERROR((J32-J33)/J33,"-") | K35: =IFERROR((K32-K33)/K33,"-") | ... M35: =IFERROR((M32-M33)/M33,"-")
B37: Trailing 4Q Avg Beat | C37: =AVERAGE(I35,J35,K35,L35)
B38: Trailing 8Q Avg Beat | C38: =AVERAGE(D35,E35,F35,G35,I35,J35,K35,L35)
B39: Selected Beat Cadence | C39: 0.0171

Sheet QLYS
B1: QLYS: KIN Base Case Operating Model
B2: USD in Millions Unless Stated Otherwise
B3: Beat Cadence (%) | C3: 0.0067
B4: Beat Window | C4: 8Q
B5: Momentum | C5: STABLE
D7: Q1-24 | E7: Q2-24 | F7: Q3-24 | G7: Q4-24 | H7: FY24 | I7: Q1-25 | J7: Q2-25 | K7: Q3-25 | L7: Q4-25 | M7: FY25 | N7: Q1-26E | O7: Q2-26E | P7: Q3-26E | Q7: Q4-26E | R7: FY26E | S7: Q1-27E | T7: Q2-27E | U7: Q3-27E | V7: Q4-27E | W7: FY27E
B9: Total Revenue | D9: 145.805 | E9: 148.708 | F9: 153.867 | G9: 159.191 | H9: =SUM(D9:G9) | I9: 159.899 | J9: 164.062 | K9: 169.882 | L9: 175.282 | M9: =SUM(I9:L9) | N9: =L9+N13 | O9: =N9+O13 | P9: =O9+P13 | Q9: =P9+Q13 | R9: =SUM(N9:Q9) | S9: =Q9+S13 | T9: =S9+T13 | U9: =T9+U13 | V9: =U9+V13 | W9: =SUM(S9:V9)
B10: % YoY | I10: =IFERROR((I9-D9)/D9,"-") | J10: =IFERROR((J9-E9)/E9,"-") | K10: =IFERROR((K9-F9)/F9,"-") | L10: =IFERROR((L9-G9)/G9,"-") | M10: =IFERROR((M9-H9)/H9,"-") | N10: =IFERROR((N9-I9)/I9,"-") | O10: =IFERROR((O9-J9)/J9,"-") | P10: =IFERROR((P9-K9)/K9,"-") | ... W10: =IFERROR((W9-R9)/R9,"-")
B11: % QoQ | E11: =IFERROR((E9-D9)/D9,"-") | F11: =IFERROR((F9-E9)/E9,"-") | G11: =IFERROR((G9-F9)/F9,"-") | I11: =IFERROR((I9-G9)/G9,"-") | J11: =IFERROR((J9-I9)/I9,"-") | K11: =IFERROR((K9-J9)/J9,"-") | L11: =IFERROR((L9-K9)/K9,"-") | N11: =IFERROR((N9-L9)/L9,"-") | O11: =IFERROR((O9-N9)/N9,"-") | P11: =IFERROR((P9-O9)/O9,"-") | Q11: =IFERROR((Q9-P9)/P9,"-") | S11: =IFERROR((S9-Q9)/Q9,"-") | T11: =IFERROR((T9-S9)/S9,"-") | U11: =IFERROR((U9-T9)/T9,"-") | V11: =IFERROR((V9-U9)/U9,"-")
B12: $ YoY | I12: =I9-D9 | J12: =J9-E9 | K12: =K9-F9 | L12: =L9-G9 | M12: =M9-H9 | N12: =N9-I9 | O12: =O9-J9 | P12: =P9-K9 | ... W12: =W9-R9
B13: $ QoQ | E13: =E9-D9 | F13: =F9-E9 | G13: =G9-F9 | I13: =I9-G9 | J13: =J9-I9 | K13: =K9-J9 | L13: =L9-K9 | N13: -1.776115 | O13: 5.679536 | P13: 5.66231 | Q13: 5.161078 | S13: 2.506203 | T13: 3.432442 | U13: 4.730111 | V13: 4.927198
B15: Consensus Total Revenue | N15: 172.35113 | O15: 176.83832 | P15: 182.72897 | Q15: 187.88311 | R15: =SUM(N15:Q15) | S15: 187.25783 | T15: 189.99942 | U15: 195.08309 | V15: 199.77008 | W15: =SUM(S15:V15)
B16: % YoY | S16: =IFERROR((S15-N15)/N15,"-") | T16: =IFERROR((T15-O15)/O15,"-") | U16: =IFERROR((U15-P15)/P15,"-") | V16: =IFERROR((V15-Q15)/Q15,"-") | W16: =IFERROR((W15-R15)/R15,"-")
B17: % QoQ | O17: =IFERROR((O15-N15)/N15,"-") | P17: =IFERROR((P15-O15)/O15,"-") | Q17: =IFERROR((Q15-P15)/P15,"-") | S17: =IFERROR((S15-Q15)/Q15,"-") | T17: =IFERROR((T15-S15)/S15,"-") | U17: =IFERROR((U15-T15)/T15,"-") | V17: =IFERROR((V15-U15)/U15,"-")
B18: $ YoY | S18: =S15-N15 | T18: =T15-O15 | U18: =U15-P15 | V18: =V15-Q15 | W18: =W15-R15
B19: $ QoQ | O19: =O15-N15 | P19: =P15-O15 | Q19: =Q15-P15 | S19: =S15-Q15 | T19: =T15-S15 | U19: =U15-T15 | V19: =V15-U15
B21: % Variance vs Consensus | N21: =IFERROR((N9-N15)/N15,"-") | O21: =IFERROR((O9-O15)/O15,"-") | P21: =IFERROR((P9-P15)/P15,"-") | Q21: =IFERROR((Q9-Q15)/Q15,"-") | R21: =IFERROR((R9-R15)/R15,"-") | S21: =IFERROR((S9-S15)/S15,"-") | T21: =IFERROR((T9-T15)/T15,"-") | U21: =IFERROR((U9-U15)/U15,"-") | ... W21: =IFERROR((W9-W15)/W15,"-")
B23: Implied Q+2 Guide | O23: =O9/(1+$C$3)
B24: % YoY | O24: =IFERROR((O23-J9)/J9,"-")
B25: % QoQ | O25: =IFERROR((O23-N9)/N9,"-")
B26: $ YoY | O26: =O23-J9
B27: $ QoQ | O27: =O23-N9
B29: % Variance Guide vs Consensus | O29: =IFERROR((O23-O15)/O15,"-")
B31: Actuals vs Consensus
B32: Actual Revenue | D32: 145.805 | E32: 148.708 | F32: 153.867 | G32: 159.191 | H32: =SUM(D32:G32) | I32: 159.899 | J32: 164.062 | K32: 169.882 | L32: 175.282 | M32: =SUM(I32:L32)
B33: Consensus Revenue | D33: 145.7 | E33: 148.7 | F33: 150.7 | G33: 156.27221 | H33: =SUM(D33:G33) | I33: 159.91182 | J33: 161.26166 | K33: 173.1789 | L33: 173.1643 | M33: =SUM(I33:L33)
B34: Beat / Miss ($) | D34: =D32-D33 | E34: =E32-E33 | F34: =F32-F33 | G34: =G32-G33 | H34: =H32-H33 | I34: =I32-I33 | J34: =J32-J33 | K34: =K32-K33 | ... M34: =M32-M33
B35: Beat / Miss (%) | D35: =IFERROR((D32-D33)/D33,"-") | E35: =IFERROR((E32-E33)/E33,"-") | F35: =IFERROR((F32-F33)/F33,"-") | G35: =IFERROR((G32-G33)/G33,"-") | H35: =IFERROR((H32-H33)/H33,"-") | I35: =IFERROR((I32-I33)/I33,"-") | J35: =IFERROR((J32-J33)/J33,"-") | K35: =IFERROR((K32-K33)/K33,"-") | ... M35: =IFERROR((M32-M33)/M33,"-")
B37: Trailing 4Q Avg Beat | C37: =AVERAGE(I35,J35,K35,L35)
B38: Trailing 8Q Avg Beat | C38: =AVERAGE(D35,E35,F35,G35,I35,J35,K35,L35)
B39: Selected Beat Cadence | C39: 0.0067

Sheet NOW
B1: NOW: KIN Base Case Operating Model
B2: USD in Millions Unless Stated Otherwise
B3: Beat Cadence (%) | C3: 0.0111
B4: Beat Window | C4: 8Q
B5: Momentum | C5: STABLE
D7: Q1-24 | E7: Q2-24 | F7: Q3-24 | G7: Q4-24 | H7: FY24 | I7: Q1-25 | J7: Q2-25 | K7: Q3-25 | L7: Q4-25 | M7: FY25 | N7: Q1-26E | O7: Q2-26E | P7: Q3-26E | Q7: Q4-26E | R7: FY26E | S7: Q1-27E | T7: Q2-27E | U7: Q3-27E | V7: Q4-27E | W7: FY27E
B9: Total Revenue | D9: 2603 | E9: 2627 | F9: 2797 | G9: 2957 | H9: =SUM(D9:G9) | I9: 3088 | J9: 3215 | K9: 3407 | L9: 3568 | M9: =SUM(I9:L9) | N9: =L9+N13 | O9: =N9+O13 | P9: =O9+P13 | Q9: =P9+Q13 | R9: =SUM(N9:Q9) | S9: =Q9+S13 | T9: =S9+T13 | U9: =T9+U13 | V9: =U9+V13 | W9: =SUM(S9:V9)
B10: % YoY | I10: =IFERROR((I9-D9)/D9,"-") | J10: =IFERROR((J9-E9)/E9,"-") | K10: =IFERROR((K9-F9)/F9,"-") | L10: =IFERROR((L9-G9)/G9,"-") | M10: =IFERROR((M9-H9)/H9,"-") | N10: =IFERROR((N9-I9)/I9,"-") | O10: =IFERROR((O9-J9)/J9,"-") | P10: =IFERROR((P9-K9)/K9,"-") | ... W10: =IFERROR((W9-R9)/R9,"-")
B11: % QoQ | E11: =IFERROR((E9-D9)/D9,"-") | F11: =IFERROR((F9-E9)/E9,"-") | G11: =IFERROR((G9-F9)/F9,"-") | I11: =IFERROR((I9-G9)/G9,"-") | J11: =IFERROR((J9-I9)/I9,"-") | K11: =IFERROR((K9-J9)/J9,"-") | L11: =IFERROR((L9-K9)/K9,"-") | N11: =IFERROR((N9-L9)/L9,"-") | O11: =IFERROR((O9-N9)/N9,"-") | P11: =IFERROR((P9-O9)/O9,"-") | Q11: =IFERROR((Q9-P9)/P9,"-") | S11: =IFERROR((S9-Q9)/Q9,"-") | T11: =IFERROR((T9-S9)/S9,"-") | U11: =IFERROR((U9-T9)/T9,"-") | V11: =IFERROR((V9-U9)/U9,"-")
B12: $ YoY | I12: =I9-D9 | J12: =J9-E9 | K12: =K9-F9 | L12: =L9-G9 | M12: =M9-H9 | N12: =N9-I9 | O12: =O9-J9 | P12: =P9-K9 | ... W12: =W9-R9
B13: $ QoQ | E13: =E9-D9 | F13: =F9-E9 | G13: =G9-F9 | I13: =I9-G9 | J13: =J9-I9 | K13: =K9-J9 | L13: =L9-K9 | N13: 190.18823 | O13: 65.303325 | P13: 183.89801 | Q13: 176.59434 | S13: 157.41899 | T13: 151.35684 | U13: 180.50384 | V13: 187.62972
B15: Consensus Total Revenue | N15: 3716.9303 | O15: 3869.7963 | P15: 4087.4178 | Q15: 4284.6214 | R15: =SUM(N15:Q15) | S15: 4435.4827 | T15: 4569.485 | U15: 4817.0298 | V15: 5029.4411 | W15: =SUM(S15:V15)
B16: % YoY | S16: =IFERROR((S15-N15)/N15,"-") | T16: =IFERROR((T15-O15)/O15,"-") | U16: =IFERROR((U15-P15)/P15,"-") | V16: =IFERROR((V15-Q15)/Q15,"-") | W16: =IFERROR((W15-R15)/R15,"-")
B17: % QoQ | O17: =IFERROR((O15-N15)/N15,"-") | P17: =IFERROR((P15-O15)/O15,"-") | Q17: =IFERROR((Q15-P15)/P15,"-") | S17: =IFERROR((S15-Q15)/Q15,"-") | T17: =IFERROR((T15-S15)/S15,"-") | U17: =IFERROR((U15-T15)/T15,"-") | V17: =IFERROR((V15-U15)/U15,"-")
B18: $ YoY | S18: =S15-N15 | T18: =T15-O15 | U18: =U15-P15 | V18: =V15-Q15 | W18: =W15-R15
B19: $ QoQ | O19: =O15-N15 | P19: =P15-O15 | Q19: =Q15-P15 | S19: =S15-Q15 | T19: =T15-S15 | U19: =U15-T15 | V19: =V15-U15
B21: % Variance vs Consensus | N21: =IFERROR((N9-N15)/N15,"-") | O21: =IFERROR((O9-O15)/O15,"-") | P21: =IFERROR((P9-P15)/P15,"-") | Q21: =IFERROR((Q9-Q15)/Q15,"-") | R21: =IFERROR((R9-R15)/R15,"-") | S21: =IFERROR((S9-S15)/S15,"-") | T21: =IFERROR((T9-T15)/T15,"-") | U21: =IFERROR((U9-U15)/U15,"-") | ... W21: =IFERROR((W9-W15)/W15,"-")
B23: Implied Q+2 Guide | O23: =O9/(1+$C$3)
B24: % YoY | O24: =IFERROR((O23-J9)/J9,"-")
B25: % QoQ | O25: =IFERROR((O23-N9)/N9,"-")
B26: $ YoY | O26: =O23-J9
B27: $ QoQ | O27: =O23-N9
B29: % Variance Guide vs Consensus | O29: =IFERROR((O23-O15)/O15,"-")
B31: Actuals vs Consensus
B32: Actual Revenue | D32: 2603 | E32: 2627 | F32: 2797 | G32: 2957 | H32: =SUM(D32:G32) | I32: 3088 | J32: 3215 | K32: 3407 | L32: 3568 | M32: =SUM(I32:L32)
B33: Consensus Revenue | D33: 2588.0855 | E33: 2606.8019 | F33: 2745.5301 | G33: 2963.3053 | H33: =SUM(D33:G33) | I33: 3083.2394 | J33: 3120.4509 | K33: 3355.3464 | L33: 3528.315 | M33: =SUM(I33:L33)
B34: Beat / Miss ($) | D34: =D32-D33 | E34: =E32-E33 | F34: =F32-F33 | G34: =G32-G33 | H34: =H32-H33 | I34: =I32-I33 | J34: =J32-J33 | K34: =K32-K33 | ... M34: =M32-M33
B35: Beat / Miss (%) | D35: =IFERROR((D32-D33)/D33,"-") | E35: =IFERROR((E32-E33)/E33,"-") | F35: =IFERROR((F32-F33)/F33,"-") | G35: =IFERROR((G32-G33)/G33,"-") | H35: =IFERROR((H32-H33)/H33,"-") | I35: =IFERROR((I32-I33)/I33,"-") | J35: =IFERROR((J32-J33)/J33,"-") | K35: =IFERROR((K32-K33)/K33,"-") | ... M35: =IFERROR((M32-M33)/M33,"-")
B37: Trailing 4Q Avg Beat | C37: =AVERAGE(I35,J35,K35,L35)
B38: Trailing 8Q Avg Beat | C38: =AVERAGE(D35,E35,F35,G35,I35,J35,K35,L35)
B39: Selected Beat Cadence | C39: 0.0111

Sheet ADBE
B1: ADBE: KIN Base Case Operating Model
B2: USD in Millions Unless Stated Otherwise
B3: Beat Cadence (%) | C3: 0.0144
B4: Beat Window | C4: 4Q
B5: Momentum | C5: STABLE
D7: Q1-24 | E7: Q2-24 | F7: Q3-24 | G7: Q4-24 | H7: FY24 | I7: Q1-25 | J7: Q2-25 | K7: Q3-25 | L7: Q4-25 | M7: FY25 | N7: Q1-26 | O7: Q2-26E | P7: Q3-26E | Q7: Q4-26E | R7: FY26E | S7: Q1-27E | T7: Q2-27E | U7: Q3-27E | V7: Q4-27E | W7: FY27E
B9: Total Revenue | D9: 5182 | E9: 5309 | F9: 5408 | G9: 5606 | H9: =SUM(D9:G9) | I9: 5714 | J9: 5873 | K9: 5988 | L9: 6194 | M9: =SUM(I9:L9) | N9: 6398 | O9: =N9+O13 | P9: =O9+P13 | Q9: =P9+Q13 | R9: =SUM(N9:Q9) | S9: =Q9+S13 | T9: =S9+T13 | U9: =T9+U13 | V9: =U9+V13 | W9: =SUM(S9:V9)
B10: % YoY | I10: =IFERROR((I9-D9)/D9,"-") | J10: =IFERROR((J9-E9)/E9,"-") | K10: =IFERROR((K9-F9)/F9,"-") | L10: =IFERROR((L9-G9)/G9,"-") | M10: =IFERROR((M9-H9)/H9,"-") | N10: =IFERROR((N9-I9)/I9,"-") | O10: =IFERROR((O9-J9)/J9,"-") | P10: =IFERROR((P9-K9)/K9,"-") | ... W10: =IFERROR((W9-R9)/R9,"-")
B11: % QoQ | E11: =IFERROR((E9-D9)/D9,"-") | F11: =IFERROR((F9-E9)/E9,"-") | G11: =IFERROR((G9-F9)/F9,"-") | I11: =IFERROR((I9-G9)/G9,"-") | J11: =IFERROR((J9-I9)/I9,"-") | K11: =IFERROR((K9-J9)/J9,"-") | L11: =IFERROR((L9-K9)/K9,"-") | N11: =IFERROR((N9-L9)/L9,"-") | O11: =IFERROR((O9-N9)/N9,"-") | P11: =IFERROR((P9-O9)/O9,"-") | Q11: =IFERROR((Q9-P9)/P9,"-") | S11: =IFERROR((S9-Q9)/Q9,"-") | T11: =IFERROR((T9-S9)/S9,"-") | U11: =IFERROR((U9-T9)/T9,"-") | V11: =IFERROR((V9-U9)/U9,"-")
B12: $ YoY | I12: =I9-D9 | J12: =J9-E9 | K12: =K9-F9 | L12: =L9-G9 | M12: =M9-H9 | N12: =N9-I9 | O12: =O9-J9 | P12: =P9-K9 | ... W12: =W9-R9
B13: $ QoQ | E13: =E9-D9 | F13: =F9-E9 | G13: =G9-F9 | I13: =I9-G9 | J13: =J9-I9 | K13: =K9-J9 | L13: =L9-K9 | N13: =N9-L9 | O13: 75.018145 | P13: 118.37264 | Q13: 189.56795 | S13: 198.52024 | T13: 133.78074 | U13: 133.2928 | V13: 170.73877
B15: Consensus Total Revenue | O15: 6381.1299 | P15: 6600.6544 | Q15: 6818.0476 | S15: 6811.84 | T15: 6945.2236 | U15: 7184.1541 | V15: 7420.7649 | W15: =SUM(S15:V15)
B16: % YoY | T16: =IFERROR((T15-O15)/O15,"-") | U16: =IFERROR((U15-P15)/P15,"-") | V16: =IFERROR((V15-Q15)/Q15,"-")
B17: % QoQ | P17: =IFERROR((P15-O15)/O15,"-") | Q17: =IFERROR((Q15-P15)/P15,"-") | S17: =IFERROR((S15-Q15)/Q15,"-") | T17: =IFERROR((T15-S15)/S15,"-") | U17: =IFERROR((U15-T15)/T15,"-") | V17: =IFERROR((V15-U15)/U15,"-")
B18: $ YoY | T18: =T15-O15 | U18: =U15-P15 | V18: =V15-Q15
B19: $ QoQ | P19: =P15-O15 | Q19: =Q15-P15 | S19: =S15-Q15 | T19: =T15-S15 | U19: =U15-T15 | V19: =V15-U15
B21: % Variance vs Consensus | O21: =IFERROR((O9-O15)/O15,"-") | P21: =IFERROR((P9-P15)/P15,"-") | Q21: =IFERROR((Q9-Q15)/Q15,"-") | R21: =IFERROR((R9-R15)/R15,"-") | S21: =IFERROR((S9-S15)/S15,"-") | T21: =IFERROR((T9-T15)/T15,"-") | U21: =IFERROR((U9-U15)/U15,"-") | V21: =IFERROR((V9-V15)/V15,"-") | W21: =IFERROR((W9-W15)/W15,"-")
B23: Implied Q+2 Guide | P23: =P9/(1+$C$3)
B24: % YoY | P24: =IFERROR((P23-K9)/K9,"-")
B25: % QoQ | P25: =IFERROR((P23-O9)/O9,"-")
B26: $ YoY | P26: =P23-K9
B27: $ QoQ | P27: =P23-O9
B29: % Variance Guide vs Consensus | P29: =IFERROR((P23-P15)/P15,"-")
B31: Actuals vs Consensus
B32: Actual Revenue | D32: 5182 | E32: 5309 | F32: 5408 | G32: 5606 | H32: =SUM(D32:G32) | I32: 5714 | J32: 5873 | K32: 5988 | L32: 6194 | M32: =SUM(I32:L32) | N32: 6398
B33: Consensus Revenue | D33: 5143.4329 | E33: 5291.458 | F33: 5371.9684 | G33: 5539.9607 | H33: =SUM(D33:G33) | I33: 5661.5137 | J33: 5799.3273 | K33: 5918.002 | L33: 6110.25 | M33: =SUM(I33:L33) | N33: 6276.514
B34: Beat / Miss ($) | D34: =D32-D33 | E34: =E32-E33 | F34: =F32-F33 | G34: =G32-G33 | H34: =H32-H33 | I34: =I32-I33 | J34: =J32-J33 | K34: =K32-K33 | ... N34: =N32-N33
B35: Beat / Miss (%) | D35: =IFERROR((D32-D33)/D33,"-") | E35: =IFERROR((E32-E33)/E33,"-") | F35: =IFERROR((F32-F33)/F33,"-") | G35: =IFERROR((G32-G33)/G33,"-") | H35: =IFERROR((H32-H33)/H33,"-") | I35: =IFERROR((I32-I33)/I33,"-") | J35: =IFERROR((J32-J33)/J33,"-") | K35: =IFERROR((K32-K33)/K33,"-") | ... N35: =IFERROR((N32-N33)/N33,"-")
B37: Trailing 4Q Avg Beat | C37: =AVERAGE(J35,K35,L35,N35)
B38: Trailing 8Q Avg Beat | C38: =AVERAGE(E35,F35,G35,I35,J35,K35,L35,N35)
B39: Selected Beat Cadence | C39: 0.0144

Sheet INTU
B1: INTU: KIN Base Case Operating Model
B2: USD in Millions Unless Stated Otherwise
B3: Beat Cadence (%) | C3: 0.0271
B4: Beat Window | C4: 4Q
B5: Momentum | C5: ACCELERATING
D7: Q1-24 | E7: Q2-24 | F7: Q3-24 | G7: Q4-24 | H7: FY24 | I7: Q1-25 | J7: Q2-25 | K7: Q3-25 | L7: Q4-25 | M7: FY25 | N7: Q1-26 | O7: Q2-26E | P7: Q3-26E | Q7: Q4-26E | R7: FY26E | S7: Q1-27E | T7: Q2-27E | U7: Q3-27E | V7: Q4-27E | W7: FY27E | X7: Q1-28E
B9: Total Revenue | D9: 3386 | E9: 6737 | F9: 3184 | G9: 3283 | H9: =SUM(D9:G9) | I9: 3963 | J9: 7754 | K9: 3831 | L9: 3885 | M9: =SUM(I9:L9) | N9: 4651 | O9: =N9+O13 | P9: =O9+P13 | Q9: =P9+Q13 | R9: =SUM(N9:Q9) | S9: =Q9+S13 | T9: =S9+T13 | U9: =T9+U13 | V9: =U9+V13 | W9: =SUM(S9:V9) | X9: =V9+X13
B10: % YoY | I10: =IFERROR((I9-D9)/D9,"-") | J10: =IFERROR((J9-E9)/E9,"-") | K10: =IFERROR((K9-F9)/F9,"-") | L10: =IFERROR((L9-G9)/G9,"-") | M10: =IFERROR((M9-H9)/H9,"-") | N10: =IFERROR((N9-I9)/I9,"-") | O10: =IFERROR((O9-J9)/J9,"-") | P10: =IFERROR((P9-K9)/K9,"-") | ... X10: =IFERROR((X9-S9)/S9,"-")
B11: % QoQ | E11: =IFERROR((E9-D9)/D9,"-") | F11: =IFERROR((F9-E9)/E9,"-") | G11: =IFERROR((G9-F9)/F9,"-") | I11: =IFERROR((I9-G9)/G9,"-") | J11: =IFERROR((J9-I9)/I9,"-") | K11: =IFERROR((K9-J9)/J9,"-") | L11: =IFERROR((L9-K9)/K9,"-") | N11: =IFERROR((N9-L9)/L9,"-") | O11: =IFERROR((O9-N9)/N9,"-") | P11: =IFERROR((P9-O9)/O9,"-") | Q11: =IFERROR((Q9-P9)/P9,"-") | S11: =IFERROR((S9-Q9)/Q9,"-") | T11: =IFERROR((T9-S9)/S9,"-") | U11: =IFERROR((U9-T9)/T9,"-") | V11: =IFERROR((V9-U9)/U9,"-") | X11: =IFERROR((X9-V9)/V9,"-")
B12: $ YoY | I12: =I9-D9 | J12: =J9-E9 | K12: =K9-F9 | L12: =L9-G9 | M12: =M9-H9 | N12: =N9-I9 | O12: =O9-J9 | P12: =P9-K9 | ... X12: =X9-S9
B13: $ QoQ | E13: =E9-D9 | F13: =F9-E9 | G13: =G9-F9 | I13: =I9-G9 | J13: =J9-I9 | K13: =K9-J9 | L13: =L9-K9 | N13: =N9-L9 | O13: -437.33714 | P13: 1153.3968 | Q13: -270.64629 | S13: 504.15052 | T13: 2345.1416 | U13: -422.73914 | V13: -11.736672 | X13: 418.81531
B15: Consensus Total Revenue | O15: 4102.4855 | P15: 4911.3668 | Q15: 9204.625 | S15: 4547.7068 | T15: 9404.6443 | U15: 4721.8056 | V15: 5027.0884 | W15: =SUM(S15:V15) | X15: 5872.7955
B16: % YoY | T16: =IFERROR((T15-O15)/O15,"-") | U16: =IFERROR((U15-P15)/P15,"-") | V16: =IFERROR((V15-Q15)/Q15,"-") | X16: =IFERROR((X15-S15)/S15,"-")
B17: % QoQ | P17: =IFERROR((P15-O15)/O15,"-") | Q17: =IFERROR((Q15-P15)/P15,"-") | S17: =IFERROR((S15-Q15)/Q15,"-") | T17: =IFERROR((T15-S15)/S15,"-") | U17: =IFERROR((U15-T15)/T15,"-") | V17: =IFERROR((V15-U15)/U15,"-") | X17: =IFERROR((X15-V15)/V15,"-")
B18: $ YoY | T18: =T15-O15 | U18: =U15-P15 | V18: =V15-Q15 | X18: =X15-S15
B19: $ QoQ | P19: =P15-O15 | Q19: =Q15-P15 | S19: =S15-Q15 | T19: =T15-S15 | U19: =U15-T15 | V19: =V15-U15 | X19: =X15-V15
B21: % Variance vs Consensus | O21: =IFERROR((O9-O15)/O15,"-") | P21: =IFERROR((P9-P15)/P15,"-") | Q21: =IFERROR((Q9-Q15)/Q15,"-") | R21: =IFERROR((R9-R15)/R15,"-") | S21: =IFERROR((S9-S15)/S15,"-") | T21: =IFERROR((T9-T15)/T15,"-") | U21: =IFERROR((U9-U15)/U15,"-") | V21: =IFERROR((V9-V15)/V15,"-") | ... X21: =IFERROR((X9-X15)/X15,"-")
B23: Implied Q+2 Guide | P23: =P9/(1+$C$3)
B24: % YoY | P24: =IFERROR((P23-K9)/K9,"-")
B25: % QoQ | P25: =IFERROR((P23-O9)/O9,"-")
B26: $ YoY | P26: =P23-K9
B27: $ QoQ | P27: =P23-O9
B29: % Variance Guide vs Consensus | P29: =IFERROR((P23-P15)/P15,"-")
B31: Actuals vs Consensus
B32: Actual Revenue | D32: 3386 | E32: 6737 | F32: 3184 | G32: 3283 | H32: =SUM(D32:G32) | I32: 3963 | J32: 7754 | K32: 3831 | L32: 3885 | M32: =SUM(I32:L32) | N32: 4651
B33: Consensus Revenue | D33: 3386.4888 | E33: 6647.6814 | F33: 3084.711 | G33: 3139.9826 | H33: =SUM(D33:G33) | I33: 3834.2737 | J33: 7567.5369 | K33: 3743.4979 | L33: 3756.2923 | M33: =SUM(I33:L33) | N33: 4533.614
B34: Beat / Miss ($) | D34: =D32-D33 | E34: =E32-E33 | F34: =F32-F33 | G34: =G32-G33 | H34: =H32-H33 | I34: =I32-I33 | J34: =J32-J33 | K34: =K32-K33 | ... N34: =N32-N33
B35: Beat / Miss (%) | D35: =IFERROR((D32-D33)/D33,"-") | E35: =IFERROR((E32-E33)/E33,"-") | F35: =IFERROR((F32-F33)/F33,"-") | G35: =IFERROR((G32-G33)/G33,"-") | H35: =IFERROR((H32-H33)/H33,"-") | I35: =IFERROR((I32-I33)/I33,"-") | J35: =IFERROR((J32-J33)/J33,"-") | K35: =IFERROR((K32-K33)/K33,"-") | ... N35: =IFERROR((N32-N33)/N33,"-")
B37: Trailing 4Q Avg Beat | C37: =AVERAGE(J35,K35,L35,N35)
B38: Trailing 8Q Avg Beat | C38: =AVERAGE(E35,F35,G35,I35,J35,K35,L35,N35)
B39: Selected Beat Cadence | C39: 0.0271

Sheet WDAY
B1: WDAY: KIN Base Case Operating Model
B2: USD in Millions Unless Stated Otherwise
B3: Beat Cadence (%) | C3: 0.0046
B4: Beat Window | C4: 8Q
B5: Momentum | C5: STABLE
D7: Q1-24 | E7: Q2-24 | F7: Q3-24 | G7: Q4-24 | H7: FY24 | I7: Q1-25 | J7: Q2-25 | K7: Q3-25 | L7: Q4-25 | M7: FY25 | N7: Q1-26 | O7: Q2-26E | P7: Q3-26E | Q7: Q4-26E | R7: FY26E | S7: Q1-27E | T7: Q2-27E | U7: Q3-27E | V7: Q4-27E | W7: FY27E | X7: Q1-28E
B9: Total Revenue | D9: 1938.014 | E9: 1990 | F9: 2085 | G9: 2160 | H9: =SUM(D9:G9) | I9: 2211 | J9: 2240 | K9: 2348 | L9: 2432 | M9: =SUM(I9:L9) | N9: 2532 | O9: =N9+O13 | P9: =O9+P13 | Q9: =P9+Q13 | R9: =SUM(N9:Q9) | S9: =Q9+S13 | T9: =S9+T13 | U9: =T9+U13 | V9: =U9+V13 | W9: =SUM(S9:V9) | X9: =V9+X13
B10: % YoY | I10: =IFERROR((I9-D9)/D9,"-") | J10: =IFERROR((J9-E9)/E9,"-") | K10: =IFERROR((K9-F9)/F9,"-") | L10: =IFERROR((L9-G9)/G9,"-") | M10: =IFERROR((M9-H9)/H9,"-") | N10: =IFERROR((N9-I9)/I9,"-") | O10: =IFERROR((O9-J9)/J9,"-") | P10: =IFERROR((P9-K9)/K9,"-") | ... X10: =IFERROR((X9-S9)/S9,"-")
B11: % QoQ | E11: =IFERROR((E9-D9)/D9,"-") | F11: =IFERROR((F9-E9)/E9,"-") | G11: =IFERROR((G9-F9)/F9,"-") | I11: =IFERROR((I9-G9)/G9,"-") | J11: =IFERROR((J9-I9)/I9,"-") | K11: =IFERROR((K9-J9)/J9,"-") | L11: =IFERROR((L9-K9)/K9,"-") | N11: =IFERROR((N9-L9)/L9,"-") | O11: =IFERROR((O9-N9)/N9,"-") | P11: =IFERROR((P9-O9)/O9,"-") | Q11: =IFERROR((Q9-P9)/P9,"-") | S11: =IFERROR((S9-Q9)/Q9,"-") | T11: =IFERROR((T9-S9)/S9,"-") | U11: =IFERROR((U9-T9)/T9,"-") | V11: =IFERROR((V9-U9)/U9,"-") | X11: =IFERROR((X9-V9)/V9,"-")
B12: $ YoY | I12: =I9-D9 | J12: =J9-E9 | K12: =K9-F9 | L12: =L9-G9 | M12: =M9-H9 | N12: =N9-I9 | O12: =O9-J9 | P12: =P9-K9 | ... X12: =X9-S9
B13: $ QoQ | E13: =E9-D9 | F13: =F9-E9 | G13: =G9-F9 | I13: =I9-G9 | J13: =J9-I9 | K13: =K9-J9 | L13: =L9-K9 | N13: =N9-L9 | O13: -21.058016 | P13: 111.60542 | Q13: 85.759632 | S13: 93.975722 | T13: 38.348931 | U13: 80.455293 | V13: 84.577863 | X13: 92.568712
B15: Consensus Total Revenue | O15: 2499.4445 | P15: 2619.9535 | Q15: 2708.0278 | S15: 2804.1392 | T15: 2803.4461 | U15: 2918.5167 | V15: 3007.6032 | W15: =SUM(S15:V15) | X15: 3116.7405
B16: % YoY | T16: =IFERROR((T15-O15)/O15,"-") | U16: =IFERROR((U15-P15)/P15,"-") | V16: =IFERROR((V15-Q15)/Q15,"-") | X16: =IFERROR((X15-S15)/S15,"-")
B17: % QoQ | P17: =IFERROR((P15-O15)/O15,"-") | Q17: =IFERROR((Q15-P15)/P15,"-") | S17: =IFERROR((S15-Q15)/Q15,"-") | T17: =IFERROR((T15-S15)/S15,"-") | U17: =IFERROR((U15-T15)/T15,"-") | V17: =IFERROR((V15-U15)/U15,"-") | X17: =IFERROR((X15-V15)/V15,"-")
B18: $ YoY | T18: =T15-O15 | U18: =U15-P15 | V18: =V15-Q15 | X18: =X15-S15
B19: $ QoQ | P19: =P15-O15 | Q19: =Q15-P15 | S19: =S15-Q15 | T19: =T15-S15 | U19: =U15-T15 | V19: =V15-U15 | X19: =X15-V15
B21: % Variance vs Consensus | O21: =IFERROR((O9-O15)/O15,"-") | P21: =IFERROR((P9-P15)/P15,"-") | Q21: =IFERROR((Q9-Q15)/Q15,"-") | R21: =IFERROR((R9-R15)/R15,"-") | S21: =IFERROR((S9-S15)/S15,"-") | T21: =IFERROR((T9-T15)/T15,"-") | U21: =IFERROR((U9-U15)/U15,"-") | V21: =IFERROR((V9-V15)/V15,"-") | ... X21: =IFERROR((X9-X15)/X15,"-")
B23: Implied Q+2 Guide | P23: =P9/(1+$C$3)
B24: % YoY | P24: =IFERROR((P23-K9)/K9,"-")
B25: % QoQ | P25: =IFERROR((P23-O9)/O9,"-")
B26: $ YoY | P26: =P23-K9
B27: $ QoQ | P27: =P23-O9
B29: % Variance Guide vs Consensus | P29: =IFERROR((P23-P15)/P15,"-")
B31: Actuals vs Consensus
B32: Actual Revenue | D32: 1938.014 | E32: 1990 | F32: 2085 | G32: 2160 | H32: =SUM(D32:G32) | I32: 2211 | J32: 2240 | K32: 2348 | L32: 2432 | M32: =SUM(I32:L32) | N32: 2532
B33: Consensus Revenue | D33: 1916.7385 | E33: 1975.9166 | F33: 2072.0996 | G33: 2138.3684 | H33: =SUM(D33:G33) | I33: 2183.9355 | J33: 2217.7318 | K33: 2341.4511 | L33: 2417.0925 | M33: =SUM(I33:L33) | N33: 2523.734
B34: Beat / Miss ($) | D34: =D32-D33 | E34: =E32-E33 | F34: =F32-F33 | G34: =G32-G33 | H34: =H32-H33 | I34: =I32-I33 | J34: =J32-J33 | K34: =K32-K33 | ... N34: =N32-N33
B35: Beat / Miss (%) | D35: =IFERROR((D32-D33)/D33,"-") | E35: =IFERROR((E32-E33)/E33,"-") | F35: =IFERROR((F32-F33)/F33,"-") | G35: =IFERROR((G32-G33)/G33,"-") | H35: =IFERROR((H32-H33)/H33,"-") | I35: =IFERROR((I32-I33)/I33,"-") | J35: =IFERROR((J32-J33)/J33,"-") | K35: =IFERROR((K32-K33)/K33,"-") | ... N35: =IFERROR((N32-N33)/N33,"-")
B37: Trailing 4Q Avg Beat | C37: =AVERAGE(J35,K35,L35,N35)
B38: Trailing 8Q Avg Beat | C38: =AVERAGE(E35,F35,G35,I35,J35,K35,L35,N35)
B39: Selected Beat Cadence | C39: 0.0046

Sheet PANW
B1: PANW: KIN Base Case Operating Model
B2: USD in Millions Unless Stated Otherwise
B3: Beat Cadence (%) | C3: 0.0077
B4: Beat Window | C4: 8Q
B5: Momentum | C5: STABLE
D7: Q1-24 | E7: Q2-24 | F7: Q3-24 | G7: Q4-24 | H7: FY24 | I7: Q1-25 | J7: Q2-25 | K7: Q3-25 | L7: Q4-25 | M7: FY25 | N7: Q1-26 | O7: Q2-26E | P7: Q3-26E | Q7: Q4-26E | R7: FY26E | S7: Q1-27E | T7: Q2-27E | U7: Q3-27E | V7: Q4-27E | W7: FY27E | X7: Q1-28E
B9: Total Revenue | D9: 1975.1 | E9: 1984.8 | F9: 2189.5 | G9: 2139 | H9: =SUM(D9:G9) | I9: 2257.4 | J9: 2289 | K9: 2536.1 | L9: 2474 | M9: =SUM(I9:L9) | N9: 2594 | O9: =N9+O13 | P9: =O9+P13 | Q9: =P9+Q13 | R9: =SUM(N9:Q9) | S9: =Q9+S13 | T9: =S9+T13 | U9: =T9+U13 | V9: =U9+V13 | W9: =SUM(S9:V9) | X9: =V9+X13
B10: % YoY | I10: =IFERROR((I9-D9)/D9,"-") | J10: =IFERROR((J9-E9)/E9,"-") | K10: =IFERROR((K9-F9)/F9,"-") | L10: =IFERROR((L9-G9)/G9,"-") | M10: =IFERROR((M9-H9)/H9,"-") | N10: =IFERROR((N9-I9)/I9,"-") | O10: =IFERROR((O9-J9)/J9,"-") | P10: =IFERROR((P9-K9)/K9,"-") | ... X10: =IFERROR((X9-S9)/S9,"-")
B11: % QoQ | E11: =IFERROR((E9-D9)/D9,"-") | F11: =IFERROR((F9-E9)/E9,"-") | G11: =IFERROR((G9-F9)/F9,"-") | I11: =IFERROR((I9-G9)/G9,"-") | J11: =IFERROR((J9-I9)/I9,"-") | K11: =IFERROR((K9-J9)/J9,"-") | L11: =IFERROR((L9-K9)/K9,"-") | N11: =IFERROR((N9-L9)/L9,"-") | O11: =IFERROR((O9-N9)/N9,"-") | P11: =IFERROR((P9-O9)/O9,"-") | Q11: =IFERROR((Q9-P9)/P9,"-") | S11: =IFERROR((S9-Q9)/Q9,"-") | T11: =IFERROR((T9-S9)/S9,"-") | U11: =IFERROR((U9-T9)/T9,"-") | V11: =IFERROR((V9-U9)/U9,"-") | X11: =IFERROR((X9-V9)/V9,"-")
B12: $ YoY | I12: =I9-D9 | J12: =J9-E9 | K12: =K9-F9 | L12: =L9-G9 | M12: =M9-H9 | N12: =N9-I9 | O12: =O9-J9 | P12: =P9-K9 | ... X12: =X9-S9
B13: $ QoQ | E13: =E9-D9 | F13: =F9-E9 | G13: =G9-F9 | I13: =I9-G9 | J13: =J9-I9 | K13: =K9-J9 | L13: =L9-K9 | N13: =N9-L9 | O13: 372.71091 | P13: -128.66279 | Q13: 3.456969 | S13: 88.923583 | T13: 57.668744 | U13: 148.46427 | V13: 68.151396 | X13: 92.590817
B15: Consensus Total Revenue | O15: 2944.0418 | P15: 3276.8422 | Q15: 3165.1649 | S15: 3288.8259 | T15: 3368.9351 | U15: 3693.5538 | V15: 3603.6352 | W15: =SUM(S15:V15) | X15: 3746.122
B16: % YoY | T16: =IFERROR((T15-O15)/O15,"-") | U16: =IFERROR((U15-P15)/P15,"-") | V16: =IFERROR((V15-Q15)/Q15,"-") | X16: =IFERROR((X15-S15)/S15,"-")
B17: % QoQ | P17: =IFERROR((P15-O15)/O15,"-") | Q17: =IFERROR((Q15-P15)/P15,"-") | S17: =IFERROR((S15-Q15)/Q15,"-") | T17: =IFERROR((T15-S15)/S15,"-") | U17: =IFERROR((U15-T15)/T15,"-") | V17: =IFERROR((V15-U15)/U15,"-") | X17: =IFERROR((X15-V15)/V15,"-")
B18: $ YoY | T18: =T15-O15 | U18: =U15-P15 | V18: =V15-Q15 | X18: =X15-S15
B19: $ QoQ | P19: =P15-O15 | Q19: =Q15-P15 | S19: =S15-Q15 | T19: =T15-S15 | U19: =U15-T15 | V19: =V15-U15 | X19: =X15-V15
B21: % Variance vs Consensus | O21: =IFERROR((O9-O15)/O15,"-") | P21: =IFERROR((P9-P15)/P15,"-") | Q21: =IFERROR((Q9-Q15)/Q15,"-") | R21: =IFERROR((R9-R15)/R15,"-") | S21: =IFERROR((S9-S15)/S15,"-") | T21: =IFERROR((T9-T15)/T15,"-") | U21: =IFERROR((U9-U15)/U15,"-") | V21: =IFERROR((V9-V15)/V15,"-") | ... X21: =IFERROR((X9-X15)/X15,"-")
B23: Implied Q+2 Guide | P23: =P9/(1+$C$3)
B24: % YoY | P24: =IFERROR((P23-K9)/K9,"-")
B25: % QoQ | P25: =IFERROR((P23-O9)/O9,"-")
B26: $ YoY | P26: =P23-K9
B27: $ QoQ | P27: =P23-O9
B29: % Variance Guide vs Consensus | P29: =IFERROR((P23-P15)/P15,"-")
B31: Actuals vs Consensus
B32: Actual Revenue | D32: 1975.1 | E32: 1984.8 | F32: 2189.5 | G32: 2139 | H32: =SUM(D32:G32) | I32: 2257.4 | J32: 2289 | K32: 2536.1 | L32: 2474 | M32: =SUM(I32:L32) | N32: 2594
B33: Consensus Revenue | D33: 1970.9749 | E33: 1973.7388 | F33: 2162.3832 | G33: 2120.9182 | H33: =SUM(D33:G33) | I33: 2241.4817 | J33: 2279.1423 | K33: 2501.4913 | L33: 2461.7431 | M33: =SUM(I33:L33) | N33: 2582.811
B34: Beat / Miss ($) | D34: =D32-D33 | E34: =E32-E33 | F34: =F32-F33 | G34: =G32-G33 | H34: =H32-H33 | I34: =I32-I33 | J34: =J32-J33 | K34: =K32-K33 | ... N34: =N32-N33
B35: Beat / Miss (%) | D35: =IFERROR((D32-D33)/D33,"-") | E35: =IFERROR((E32-E33)/E33,"-") | F35: =IFERROR((F32-F33)/F33,"-") | G35: =IFERROR((G32-G33)/G33,"-") | H35: =IFERROR((H32-H33)/H33,"-") | I35: =IFERROR((I32-I33)/I33,"-") | J35: =IFERROR((J32-J33)/J33,"-") | K35: =IFERROR((K32-K33)/K33,"-") | ... N35: =IFERROR((N32-N33)/N33,"-")
B37: Trailing 4Q Avg Beat | C37: =AVERAGE(J35,K35,L35,N35)
B38: Trailing 8Q Avg Beat | C38: =AVERAGE(E35,F35,G35,I35,J35,K35,L35,N35)
B39: Selected Beat Cadence | C39: 0.0077

Sheet CDNS
B1: CDNS: KIN Base Case Operating Model
B2: USD in Millions Unless Stated Otherwise
B3: Beat Cadence (%) | C3: 0.0115
B4: Beat Window | C4: 4Q
B5: Momentum | C5: ACCELERATING
D7: Q1-24 | E7: Q2-24 | F7: Q3-24 | G7: Q4-24 | H7: FY24 | I7: Q1-25 | J7: Q2-25 | K7: Q3-25 | L7: Q4-25 | M7: FY25 | N7: Q1-26E | O7: Q2-26E | P7: Q3-26E | Q7: Q4-26E | R7: FY26E | S7: Q1-27E | T7: Q2-27E | U7: Q3-27E | V7: Q4-27E | W7: FY27E
B9: Total Revenue | D9: 1009.103 | E9: 1060.681 | F9: 1215.499 | G9: 1355.981 | H9: =SUM(D9:G9) | I9: 1242.366 | J9: 1275.441 | K9: 1338.838 | L9: 1440.114 | M9: =SUM(I9:L9) | N9: =L9+N13 | O9: =N9+O13 | P9: =O9+P13 | Q9: =P9+Q13 | R9: =SUM(N9:Q9) | S9: =Q9+S13 | T9: =S9+T13 | U9: =T9+U13 | V9: =U9+V13 | W9: =SUM(S9:V9)
B10: % YoY | I10: =IFERROR((I9-D9)/D9,"-") | J10: =IFERROR((J9-E9)/E9,"-") | K10: =IFERROR((K9-F9)/F9,"-") | L10: =IFERROR((L9-G9)/G9,"-") | M10: =IFERROR((M9-H9)/H9,"-") | N10: =IFERROR((N9-I9)/I9,"-") | O10: =IFERROR((O9-J9)/J9,"-") | P10: =IFERROR((P9-K9)/K9,"-") | ... W10: =IFERROR((W9-R9)/R9,"-")
B11: % QoQ | E11: =IFERROR((E9-D9)/D9,"-") | F11: =IFERROR((F9-E9)/E9,"-") | G11: =IFERROR((G9-F9)/F9,"-") | I11: =IFERROR((I9-G9)/G9,"-") | J11: =IFERROR((J9-I9)/I9,"-") | K11: =IFERROR((K9-J9)/J9,"-") | L11: =IFERROR((L9-K9)/K9,"-") | N11: =IFERROR((N9-L9)/L9,"-") | O11: =IFERROR((O9-N9)/N9,"-") | P11: =IFERROR((P9-O9)/O9,"-") | Q11: =IFERROR((Q9-P9)/P9,"-") | S11: =IFERROR((S9-Q9)/Q9,"-") | T11: =IFERROR((T9-S9)/S9,"-") | U11: =IFERROR((U9-T9)/T9,"-") | V11: =IFERROR((V9-U9)/U9,"-")
B12: $ YoY | I12: =I9-D9 | J12: =J9-E9 | K12: =K9-F9 | L12: =L9-G9 | M12: =M9-H9 | N12: =N9-I9 | O12: =O9-J9 | P12: =P9-K9 | ... W12: =W9-R9
B13: $ QoQ | E13: =E9-D9 | F13: =F9-E9 | G13: =G9-F9 | I13: =I9-G9 | J13: =J9-I9 | K13: =K9-J9 | L13: =L9-K9 | N13: -10.886766 | O13: 23.646159 | P13: 60.097409 | Q13: 86.077312 | S13: 26.917288 | T13: 35.659281 | U13: 51.919998 | V13: 71.468816
B15: Consensus Total Revenue | N15: 1412.978 | O15: 1450.5951 | P15: 1519.6126 | Q15: 1604.5417 | R15: =SUM(N15:Q15) | S15: 1577.0089 | T15: 1621.267 | U15: 1704.2455 | V15: 1825.592 | W15: =SUM(S15:V15)
B16: % YoY | S16: =IFERROR((S15-N15)/N15,"-") | T16: =IFERROR((T15-O15)/O15,"-") | U16: =IFERROR((U15-P15)/P15,"-") | V16: =IFERROR((V15-Q15)/Q15,"-") | W16: =IFERROR((W15-R15)/R15,"-")
B17: % QoQ | O17: =IFERROR((O15-N15)/N15,"-") | P17: =IFERROR((P15-O15)/O15,"-") | Q17: =IFERROR((Q15-P15)/P15,"-") | S17: =IFERROR((S15-Q15)/Q15,"-") | T17: =IFERROR((T15-S15)/S15,"-") | U17: =IFERROR((U15-T15)/T15,"-") | V17: =IFERROR((V15-U15)/U15,"-")
B18: $ YoY | S18: =S15-N15 | T18: =T15-O15 | U18: =U15-P15 | V18: =V15-Q15 | W18: =W15-R15
B19: $ QoQ | O19: =O15-N15 | P19: =P15-O15 | Q19: =Q15-P15 | S19: =S15-Q15 | T19: =T15-S15 | U19: =U15-T15 | V19: =V15-U15
B21: % Variance vs Consensus | N21: =IFERROR((N9-N15)/N15,"-") | O21: =IFERROR((O9-O15)/O15,"-") | P21: =IFERROR((P9-P15)/P15,"-") | Q21: =IFERROR((Q9-Q15)/Q15,"-") | R21: =IFERROR((R9-R15)/R15,"-") | S21: =IFERROR((S9-S15)/S15,"-") | T21: =IFERROR((T9-T15)/T15,"-") | U21: =IFERROR((U9-U15)/U15,"-") | ... W21: =IFERROR((W9-W15)/W15,"-")
B23: Implied Q+2 Guide | O23: =O9/(1+$C$3)
B24: % YoY | O24: =IFERROR((O23-J9)/J9,"-")
B25: % QoQ | O25: =IFERROR((O23-N9)/N9,"-")
B26: $ YoY | O26: =O23-J9
B27: $ QoQ | O27: =O23-N9
B29: % Variance Guide vs Consensus | O29: =IFERROR((O23-O15)/O15,"-")
B31: Actuals vs Consensus
B32: Actual Revenue | D32: 1009.103 | E32: 1060.681 | F32: 1215.499 | G32: 1355.981 | H32: =SUM(D32:G32) | I32: 1242.366 | J32: 1275.441 | K32: 1338.838 | L32: 1440.114 | M32: =SUM(I32:L32)
B33: Consensus Revenue | D33: 1002.2529 | E33: 1042.5777 | F33: 1181.212 | G33: 1345.9122 | H33: =SUM(D33:G33) | I33: 1239.8494 | J33: 1249.9607 | K33: 1322.8618 | L33: 1423.84 | M33: =SUM(I33:L33)
B34: Beat / Miss ($) | D34: =D32-D33 | E34: =E32-E33 | F34: =F32-F33 | G34: =G32-G33 | H34: =H32-H33 | I34: =I32-I33 | J34: =J32-J33 | K34: =K32-K33 | ... M34: =M32-M33
B35: Beat / Miss (%) | D35: =IFERROR((D32-D33)/D33,"-") | E35: =IFERROR((E32-E33)/E33,"-") | F35: =IFERROR((F32-F33)/F33,"-") | G35: =IFERROR((G32-G33)/G33,"-") | H35: =IFERROR((H32-H33)/H33,"-") | I35: =IFERROR((I32-I33)/I33,"-") | J35: =IFERROR((J32-J33)/J33,"-") | K35: =IFERROR((K32-K33)/K33,"-") | ... M35: =IFERROR((M32-M33)/M33,"-")
B37: Trailing 4Q Avg Beat | C37: =AVERAGE(I35,J35,K35,L35)
B38: Trailing 8Q Avg Beat | C38: =AVERAGE(D35,E35,F35,G35,I35,J35,K35,L35)
B39: Selected Beat Cadence | C39: 0.0115

Sheet SNPS
B1: SNPS: KIN Base Case Operating Model
B2: USD in Millions Unless Stated Otherwise
B3: Beat Cadence (%) | C3: 0.002
B4: Beat Window | C4: 8Q
B5: Momentum | C5: STABLE
D7: Q1-24 | E7: Q2-24 | F7: Q3-24 | G7: Q4-24 | H7: FY24 | I7: Q1-25 | J7: Q2-25 | K7: Q3-25 | L7: Q4-25 | M7: FY25 | N7: Q1-26 | O7: Q2-26E | P7: Q3-26E | Q7: Q4-26E | R7: FY26E | S7: Q1-27E | T7: Q2-27E | U7: Q3-27E | V7: Q4-27E | W7: FY27E | X7: Q1-28E
B9: Total Revenue | D9: 1510.989 | E9: 1454.712 | F9: 1525.749 | G9: 1635.986 | H9: =SUM(D9:G9) | I9: 1455.315 | J9: 1604.266 | K9: 1739.737 | L9: 2254.86 | M9: =SUM(I9:L9) | N9: 2408.798 | O9: =N9+O13 | P9: =O9+P13 | Q9: =P9+Q13 | R9: =SUM(N9:Q9) | S9: =Q9+S13 | T9: =S9+T13 | U9: =T9+U13 | V9: =U9+V13 | W9: =SUM(S9:V9) | X9: =V9+X13
B10: % YoY | I10: =IFERROR((I9-D9)/D9,"-") | J10: =IFERROR((J9-E9)/E9,"-") | K10: =IFERROR((K9-F9)/F9,"-") | L10: =IFERROR((L9-G9)/G9,"-") | M10: =IFERROR((M9-H9)/H9,"-") | N10: =IFERROR((N9-I9)/I9,"-") | O10: =IFERROR((O9-J9)/J9,"-") | P10: =IFERROR((P9-K9)/K9,"-") | ... X10: =IFERROR((X9-S9)/S9,"-")
B11: % QoQ | E11: =IFERROR((E9-D9)/D9,"-") | F11: =IFERROR((F9-E9)/E9,"-") | G11: =IFERROR((G9-F9)/F9,"-") | I11: =IFERROR((I9-G9)/G9,"-") | J11: =IFERROR((J9-I9)/I9,"-") | K11: =IFERROR((K9-J9)/J9,"-") | L11: =IFERROR((L9-K9)/K9,"-") | N11: =IFERROR((N9-L9)/L9,"-") | O11: =IFERROR((O9-N9)/N9,"-") | P11: =IFERROR((P9-O9)/O9,"-") | Q11: =IFERROR((Q9-P9)/P9,"-") | S11: =IFERROR((S9-Q9)/Q9,"-") | T11: =IFERROR((T9-S9)/S9,"-") | U11: =IFERROR((U9-T9)/T9,"-") | V11: =IFERROR((V9-U9)/U9,"-") | X11: =IFERROR((X9-V9)/V9,"-")
B12: $ YoY | I12: =I9-D9 | J12: =J9-E9 | K12: =K9-F9 | L12: =L9-G9 | M12: =M9-H9 | N12: =N9-I9 | O12: =O9-J9 | P12: =P9-K9 | ... X12: =X9-S9
B13: $ QoQ | E13: =E9-D9 | F13: =F9-E9 | G13: =G9-F9 | I13: =I9-G9 | J13: =J9-I9 | K13: =K9-J9 | L13: =L9-K9 | N13: =N9-L9 | O13: -313.17397 | P13: -1.943093 | Q13: 437.96606 | S13: 264.40168 | T13: -89.055259 | U13: 74.890015 | V13: 292.06644 | X13: 288.81495
B15: Consensus Total Revenue | O15: 2091.4411 | P15: 2413.2835 | Q15: 2552.7196 | S15: 2637.1727 | T15: 2516.4901 | U15: 2652.4443 | V15: 2825.885 | W15: =SUM(S15:V15) | X15: 2926.1283
B16: % YoY | T16: =IFERROR((T15-O15)/O15,"-") | U16: =IFERROR((U15-P15)/P15,"-") | V16: =IFERROR((V15-Q15)/Q15,"-") | X16: =IFERROR((X15-S15)/S15,"-")
B17: % QoQ | P17: =IFERROR((P15-O15)/O15,"-") | Q17: =IFERROR((Q15-P15)/P15,"-") | S17: =IFERROR((S15-Q15)/Q15,"-") | T17: =IFERROR((T15-S15)/S15,"-") | U17: =IFERROR((U15-T15)/T15,"-") | V17: =IFERROR((V15-U15)/U15,"-") | X17: =IFERROR((X15-V15)/V15,"-")
B18: $ YoY | T18: =T15-O15 | U18: =U15-P15 | V18: =V15-Q15 | X18: =X15-S15
B19: $ QoQ | P19: =P15-O15 | Q19: =Q15-P15 | S19: =S15-Q15 | T19: =T15-S15 | U19: =U15-T15 | V19: =V15-U15 | X19: =X15-V15
B21: % Variance vs Consensus | O21: =IFERROR((O9-O15)/O15,"-") | P21: =IFERROR((P9-P15)/P15,"-") | Q21: =IFERROR((Q9-Q15)/Q15,"-") | R21: =IFERROR((R9-R15)/R15,"-") | S21: =IFERROR((S9-S15)/S15,"-") | T21: =IFERROR((T9-T15)/T15,"-") | U21: =IFERROR((U9-U15)/U15,"-") | V21: =IFERROR((V9-V15)/V15,"-") | ... X21: =IFERROR((X9-X15)/X15,"-")
B23: Implied Q+2 Guide | P23: =P9/(1+$C$3)
B24: % YoY | P24: =IFERROR((P23-K9)/K9,"-")
B25: % QoQ | P25: =IFERROR((P23-O9)/O9,"-")
B26: $ YoY | P26: =P23-K9
B27: $ QoQ | P27: =P23-O9
B29: % Variance Guide vs Consensus | P29: =IFERROR((P23-P15)/P15,"-")
B31: Actuals vs Consensus
B32: Actual Revenue | D32: 1510.989 | E32: 1454.712 | F32: 1525.749 | G32: 1635.986 | H32: =SUM(D32:G32) | I32: 1455.315 | J32: 1604.266 | K32: 1739.737 | L32: 2254.86 | M32: =SUM(I32:L32) | N32: 2408.798
B33: Consensus Revenue | D33: 1645.1969 | E33: 1441.0734 | F33: 1520.082 | G33: 1630.8784 | H33: =SUM(D33:G33) | I33: 1451.6643 | J33: 1600.1284 | K33: 1768.432 | L33: 2247.3509 | M33: =SUM(I33:L33) | N33: 2389.846
B34: Beat / Miss ($) | D34: =D32-D33 | E34: =E32-E33 | F34: =F32-F33 | G34: =G32-G33 | H34: =H32-H33 | I34: =I32-I33 | J34: =J32-J33 | K34: =K32-K33 | ... N34: =N32-N33
B35: Beat / Miss (%) | D35: =IFERROR((D32-D33)/D33,"-") | E35: =IFERROR((E32-E33)/E33,"-") | F35: =IFERROR((F32-F33)/F33,"-") | G35: =IFERROR((G32-G33)/G33,"-") | H35: =IFERROR((H32-H33)/H33,"-") | I35: =IFERROR((I32-I33)/I33,"-") | J35: =IFERROR((J32-J33)/J33,"-") | K35: =IFERROR((K32-K33)/K33,"-") | ... N35: =IFERROR((N32-N33)/N33,"-")
B37: Trailing 4Q Avg Beat | C37: =AVERAGE(J35,K35,L35,N35)
B38: Trailing 8Q Avg Beat | C38: =AVERAGE(E35,F35,G35,I35,J35,K35,L35,N35)
B39: Selected Beat Cadence | C39: 0.002

Sheet ADSK
B1: ADSK: KIN Base Case Operating Model
B2: USD in Millions Unless Stated Otherwise
B3: Beat Cadence (%) | C3: 0.0204
B4: Beat Window | C4: 4Q
B5: Momentum | C5: STABLE
D7: Q1-24 | E7: Q2-24 | F7: Q3-24 | G7: Q4-24 | H7: FY24 | I7: Q1-25 | J7: Q2-25 | K7: Q3-25 | L7: Q4-25 | M7: FY25 | N7: Q1-26 | O7: Q2-26E | P7: Q3-26E | Q7: Q4-26E | R7: FY26E | S7: Q1-27E | T7: Q2-27E | U7: Q3-27E | V7: Q4-27E | W7: FY27E | X7: Q1-28E
B9: Total Revenue | D9: 1463 | E9: 1412 | F9: 1500 | G9: 1567 | H9: =SUM(D9:G9) | I9: 1652 | J9: 1633 | K9: 1763 | L9: 1853 | M9: =SUM(I9:L9) | N9: 1957 | O9: =N9+O13 | P9: =O9+P13 | Q9: =P9+Q13 | R9: =SUM(N9:Q9) | S9: =Q9+S13 | T9: =S9+T13 | U9: =T9+U13 | V9: =U9+V13 | W9: =SUM(S9:V9) | X9: =V9+X13
B10: % YoY | I10: =IFERROR((I9-D9)/D9,"-") | J10: =IFERROR((J9-E9)/E9,"-") | K10: =IFERROR((K9-F9)/F9,"-") | L10: =IFERROR((L9-G9)/G9,"-") | M10: =IFERROR((M9-H9)/H9,"-") | N10: =IFERROR((N9-I9)/I9,"-") | O10: =IFERROR((O9-J9)/J9,"-") | P10: =IFERROR((P9-K9)/K9,"-") | ... X10: =IFERROR((X9-S9)/S9,"-")
B11: % QoQ | E11: =IFERROR((E9-D9)/D9,"-") | F11: =IFERROR((F9-E9)/E9,"-") | G11: =IFERROR((G9-F9)/F9,"-") | I11: =IFERROR((I9-G9)/G9,"-") | J11: =IFERROR((J9-I9)/I9,"-") | K11: =IFERROR((K9-J9)/J9,"-") | L11: =IFERROR((L9-K9)/K9,"-") | N11: =IFERROR((N9-L9)/L9,"-") | O11: =IFERROR((O9-N9)/N9,"-") | P11: =IFERROR((P9-O9)/O9,"-") | Q11: =IFERROR((Q9-P9)/P9,"-") | S11: =IFERROR((S9-Q9)/Q9,"-") | T11: =IFERROR((T9-S9)/S9,"-") | U11: =IFERROR((U9-T9)/T9,"-") | V11: =IFERROR((V9-U9)/U9,"-") | X11: =IFERROR((X9-V9)/V9,"-")
B12: $ YoY | I12: =I9-D9 | J12: =J9-E9 | K12: =K9-F9 | L12: =L9-G9 | M12: =M9-H9 | N12: =N9-I9 | O12: =O9-J9 | P12: =P9-K9 | ... X12: =X9-S9
B13: $ QoQ | E13: =E9-D9 | F13: =F9-E9 | G13: =G9-F9 | I13: =I9-G9 | J13: =J9-I9 | K13: =K9-J9 | L13: =L9-K9 | N13: =N9-L9 | O13: -72.21708 | P13: 151.68344 | Q13: 92.529251 | S13: 94.700985 | T13: 26.536555 | U13: 80.367456 | V13: 86.686833 | X13: 92.622892
B15: Consensus Total Revenue | O15: 1847.102 | P15: 1994.1463 | Q15: 2081.2895 | S15: 2179.7716 | T15: 2083.3911 | U15: 2189.5506 | V15: 2288.7524 | W15: =SUM(S15:V15) | X15: 2397.6594
B16: % YoY | T16: =IFERROR((T15-O15)/O15,"-") | U16: =IFERROR((U15-P15)/P15,"-") | V16: =IFERROR((V15-Q15)/Q15,"-") | X16: =IFERROR((X15-S15)/S15,"-")
B17: % QoQ | P17: =IFERROR((P15-O15)/O15,"-") | Q17: =IFERROR((Q15-P15)/P15,"-") | S17: =IFERROR((S15-Q15)/Q15,"-") | T17: =IFERROR((T15-S15)/S15,"-") | U17: =IFERROR((U15-T15)/T15,"-") | V17: =IFERROR((V15-U15)/U15,"-") | X17: =IFERROR((X15-V15)/V15,"-")
B18: $ YoY | T18: =T15-O15 | U18: =U15-P15 | V18: =V15-Q15 | X18: =X15-S15
B19: $ QoQ | P19: =P15-O15 | Q19: =Q15-P15 | S19: =S15-Q15 | T19: =T15-S15 | U19: =U15-T15 | V19: =V15-U15 | X19: =X15-V15
B21: % Variance vs Consensus | O21: =IFERROR((O9-O15)/O15,"-") | P21: =IFERROR((P9-P15)/P15,"-") | Q21: =IFERROR((Q9-Q15)/Q15,"-") | R21: =IFERROR((R9-R15)/R15,"-") | S21: =IFERROR((S9-S15)/S15,"-") | T21: =IFERROR((T9-T15)/T15,"-") | U21: =IFERROR((U9-U15)/U15,"-") | V21: =IFERROR((V9-V15)/V15,"-") | ... X21: =IFERROR((X9-X15)/X15,"-")
B23: Implied Q+2 Guide | P23: =P9/(1+$C$3)
B24: % YoY | P24: =IFERROR((P23-K9)/K9,"-")
B25: % QoQ | P25: =IFERROR((P23-O9)/O9,"-")
B26: $ YoY | P26: =P23-K9
B27: $ QoQ | P27: =P23-O9
B29: % Variance Guide vs Consensus | P29: =IFERROR((P23-P15)/P15,"-")
B31: Actuals vs Consensus
B32: Actual Revenue | D32: 1463 | E32: 1412 | F32: 1500 | G32: 1567 | H32: =SUM(D32:G32) | I32: 1652 | J32: 1633 | K32: 1763 | L32: 1853 | M32: =SUM(I32:L32) | N32: 1957
B33: Consensus Revenue | D33: 1431.6415 | E33: 1400.6133 | F33: 1482.3461 | G33: 1562.0994 | H33: =SUM(D33:G33) | I33: 1631.9386 | J33: 1606.6671 | K33: 1724.7384 | L33: 1807.1603 | M33: =SUM(I33:L33) | N33: 1914.051
B34: Beat / Miss ($) | D34: =D32-D33 | E34: =E32-E33 | F34: =F32-F33 | G34: =G32-G33 | H34: =H32-H33 | I34: =I32-I33 | J34: =J32-J33 | K34: =K32-K33 | ... N34: =N32-N33
B35: Beat / Miss (%) | D35: =IFERROR((D32-D33)/D33,"-") | E35: =IFERROR((E32-E33)/E33,"-") | F35: =IFERROR((F32-F33)/F33,"-") | G35: =IFERROR((G32-G33)/G33,"-") | H35: =IFERROR((H32-H33)/H33,"-") | I35: =IFERROR((I32-I33)/I33,"-") | J35: =IFERROR((J32-J33)/J33,"-") | K35: =IFERROR((K32-K33)/K33,"-") | ... N35: =IFERROR((N32-N33)/N33,"-")
B37: Trailing 4Q Avg Beat | C37: =AVERAGE(J35,K35,L35,N35)
B38: Trailing 8Q Avg Beat | C38: =AVERAGE(E35,F35,G35,I35,J35,K35,L35,N35)
B39: Selected Beat Cadence | C39: 0.0204

Sheet APP
B1: APP: KIN Base Case Operating Model
B2: USD in Millions Unless Stated Otherwise
B3: Beat Cadence (%) | C3: 0.0445
B4: Beat Window | C4: 4Q
B5: Momentum | C5: STABLE
D7: Q1-24 | E7: Q2-24 | F7: Q3-24 | G7: Q4-24 | H7: FY24 | I7: Q1-25 | J7: Q2-25 | K7: Q3-25 | L7: Q4-25 | M7: FY25 | N7: Q1-26E | O7: Q2-26E | P7: Q3-26E | Q7: Q4-26E | R7: FY26E | S7: Q1-27E | T7: Q2-27E | U7: Q3-27E | V7: Q4-27E | W7: FY27E
B9: Total Revenue | D9: 1058.115 | E9: 711.015 | F9: 835.186 | G9: 2104.932 | H9: =SUM(D9:G9) | I9: 1484.021 | J9: 1258.754 | K9: 1405.045 | L9: 1332.897 | M9: =SUM(I9:L9) | N9: =L9+N13 | O9: =N9+O13 | P9: =O9+P13 | Q9: =P9+Q13 | R9: =SUM(N9:Q9) | S9: =Q9+S13 | T9: =S9+T13 | U9: =T9+U13 | V9: =U9+V13 | W9: =SUM(S9:V9)
B10: % YoY | I10: =IFERROR((I9-D9)/D9,"-") | J10: =IFERROR((J9-E9)/E9,"-") | K10: =IFERROR((K9-F9)/F9,"-") | L10: =IFERROR((L9-G9)/G9,"-") | M10: =IFERROR((M9-H9)/H9,"-") | N10: =IFERROR((N9-I9)/I9,"-") | O10: =IFERROR((O9-J9)/J9,"-") | P10: =IFERROR((P9-K9)/K9,"-") | ... W10: =IFERROR((W9-R9)/R9,"-")
B11: % QoQ | E11: =IFERROR((E9-D9)/D9,"-") | F11: =IFERROR((F9-E9)/E9,"-") | G11: =IFERROR((G9-F9)/F9,"-") | I11: =IFERROR((I9-G9)/G9,"-") | J11: =IFERROR((J9-I9)/I9,"-") | K11: =IFERROR((K9-J9)/J9,"-") | L11: =IFERROR((L9-K9)/K9,"-") | N11: =IFERROR((N9-L9)/L9,"-") | O11: =IFERROR((O9-N9)/N9,"-") | P11: =IFERROR((P9-O9)/O9,"-") | Q11: =IFERROR((Q9-P9)/P9,"-") | S11: =IFERROR((S9-Q9)/Q9,"-") | T11: =IFERROR((T9-S9)/S9,"-") | U11: =IFERROR((U9-T9)/T9,"-") | V11: =IFERROR((V9-U9)/U9,"-")
B12: $ YoY | I12: =I9-D9 | J12: =J9-E9 | K12: =K9-F9 | L12: =L9-G9 | M12: =M9-H9 | N12: =N9-I9 | O12: =O9-J9 | P12: =P9-K9 | ... W12: =W9-R9
B13: $ QoQ | E13: =E9-D9 | F13: =F9-E9 | G13: =G9-F9 | I13: =I9-G9 | J13: =J9-I9 | K13: =K9-J9 | L13: =L9-K9 | N13: 941.00581 | O13: -687.92171 | P13: 124.42356 | Q13: 138.3906 | S13: 192.97596 | T13: 44.80956 | U13: 124.71687 | V13: 156.95914
B15: Consensus Total Revenue | N15: 2177.0252 | O15: 1846.5636 | P15: 2046.9214 | Q15: 2328.3159 | R15: =SUM(N15:Q15) | S15: 2340.8028 | T15: 2470.2435 | U15: 2657.9607 | V15: 3020.3791 | W15: =SUM(S15:V15)
B16: % YoY | S16: =IFERROR((S15-N15)/N15,"-") | T16: =IFERROR((T15-O15)/O15,"-") | U16: =IFERROR((U15-P15)/P15,"-") | V16: =IFERROR((V15-Q15)/Q15,"-") | W16: =IFERROR((W15-R15)/R15,"-")
B17: % QoQ | O17: =IFERROR((O15-N15)/N15,"-") | P17: =IFERROR((P15-O15)/O15,"-") | Q17: =IFERROR((Q15-P15)/P15,"-") | S17: =IFERROR((S15-Q15)/Q15,"-") | T17: =IFERROR((T15-S15)/S15,"-") | U17: =IFERROR((U15-T15)/T15,"-") | V17: =IFERROR((V15-U15)/U15,"-")
B18: $ YoY | S18: =S15-N15 | T18: =T15-O15 | U18: =U15-P15 | V18: =V15-Q15 | W18: =W15-R15
B19: $ QoQ | O19: =O15-N15 | P19: =P15-O15 | Q19: =Q15-P15 | S19: =S15-Q15 | T19: =T15-S15 | U19: =U15-T15 | V19: =V15-U15
B21: % Variance vs Consensus | N21: =IFERROR((N9-N15)/N15,"-") | O21: =IFERROR((O9-O15)/O15,"-") | P21: =IFERROR((P9-P15)/P15,"-") | Q21: =IFERROR((Q9-Q15)/Q15,"-") | R21: =IFERROR((R9-R15)/R15,"-") | S21: =IFERROR((S9-S15)/S15,"-") | T21: =IFERROR((T9-T15)/T15,"-") | U21: =IFERROR((U9-U15)/U15,"-") | ... W21: =IFERROR((W9-W15)/W15,"-")
B23: Implied Q+2 Guide | O23: =O9/(1+$C$3)
B24: % YoY | O24: =IFERROR((O23-J9)/J9,"-")
B25: % QoQ | O25: =IFERROR((O23-N9)/N9,"-")
B26: $ YoY | O26: =O23-J9
B27: $ QoQ | O27: =O23-N9
B29: % Variance Guide vs Consensus | O29: =IFERROR((O23-O15)/O15,"-")
B31: Actuals vs Consensus
B32: Actual Revenue | D32: 1058.115 | E32: 711.015 | F32: 835.186 | G32: 2104.932 | H32: =SUM(D32:G32) | I32: 1484.021 | J32: 1258.754 | K32: 1405.045 | L32: 1332.897 | M32: =SUM(I32:L32)
B33: Consensus Revenue | D33: 973.69628 | E33: 1080.7112 | F33: 1131.4327 | G33: 1261.5017 | H33: =SUM(D33:G33) | I33: 1381.0489 | J33: 1224.3691 | K33: 1342.1722 | L33: 1612.094 | M33: =SUM(I33:L33)
B34: Beat / Miss ($) | D34: =D32-D33 | E34: =E32-E33 | F34: =F32-F33 | G34: =G32-G33 | H34: =H32-H33 | I34: =I32-I33 | J34: =J32-J33 | K34: =K32-K33 | ... M34: =M32-M33
B35: Beat / Miss (%) | D35: =IFERROR((D32-D33)/D33,"-") | E35: =IFERROR((E32-E33)/E33,"-") | F35: =IFERROR((F32-F33)/F33,"-") | G35: =IFERROR((G32-G33)/G33,"-") | H35: =IFERROR((H32-H33)/H33,"-") | I35: =IFERROR((I32-I33)/I33,"-") | J35: =IFERROR((J32-J33)/J33,"-") | K35: =IFERROR((K32-K33)/K33,"-") | ... M35: =IFERROR((M32-M33)/M33,"-")
B37: Trailing 4Q Avg Beat | C37: =AVERAGE(I35,J35,K35,L35)
B38: Trailing 8Q Avg Beat | C38: =AVERAGE(D35,E35,F35,G35,I35,J35,K35,L35)
B39: Selected Beat Cadence | C39: 0.0445

Sheet FTNT
B1: FTNT: KIN Base Case Operating Model
B2: USD in Millions Unless Stated Otherwise
B3: Beat Cadence (%) | C3: 0.0101
B4: Beat Window | C4: 4Q
B5: Momentum | C5: ACCELERATING
D7: Q1-24 | E7: Q2-24 | F7: Q3-24 | G7: Q4-24 | H7: FY24 | I7: Q1-25 | J7: Q2-25 | K7: Q3-25 | L7: Q4-25 | M7: FY25 | N7: Q1-26E | O7: Q2-26E | P7: Q3-26E | Q7: Q4-26E | R7: FY26E | S7: Q1-27E | T7: Q2-27E | U7: Q3-27E | V7: Q4-27E | W7: FY27E
B9: Total Revenue | D9: 1353.3 | E9: 1434.3 | F9: 1508.1 | G9: 1660.1 | H9: =SUM(D9:G9) | I9: 1539.7 | J9: 1630 | K9: 1724.9 | L9: 1905 | M9: =SUM(I9:L9) | N9: =L9+N13 | O9: =N9+O13 | P9: =O9+P13 | Q9: =P9+Q13 | R9: =SUM(N9:Q9) | S9: =Q9+S13 | T9: =S9+T13 | U9: =T9+U13 | V9: =U9+V13 | W9: =SUM(S9:V9)
B10: % YoY | I10: =IFERROR((I9-D9)/D9,"-") | J10: =IFERROR((J9-E9)/E9,"-") | K10: =IFERROR((K9-F9)/F9,"-") | L10: =IFERROR((L9-G9)/G9,"-") | M10: =IFERROR((M9-H9)/H9,"-") | N10: =IFERROR((N9-I9)/I9,"-") | O10: =IFERROR((O9-J9)/J9,"-") | P10: =IFERROR((P9-K9)/K9,"-") | ... W10: =IFERROR((W9-R9)/R9,"-")
B11: % QoQ | E11: =IFERROR((E9-D9)/D9,"-") | F11: =IFERROR((F9-E9)/E9,"-") | G11: =IFERROR((G9-F9)/F9,"-") | I11: =IFERROR((I9-G9)/G9,"-") | J11: =IFERROR((J9-I9)/I9,"-") | K11: =IFERROR((K9-J9)/J9,"-") | L11: =IFERROR((L9-K9)/K9,"-") | N11: =IFERROR((N9-L9)/L9,"-") | O11: =IFERROR((O9-N9)/N9,"-") | P11: =IFERROR((P9-O9)/O9,"-") | Q11: =IFERROR((Q9-P9)/P9,"-") | S11: =IFERROR((S9-Q9)/Q9,"-") | T11: =IFERROR((T9-S9)/S9,"-") | U11: =IFERROR((U9-T9)/T9,"-") | V11: =IFERROR((V9-U9)/U9,"-")
B12: $ YoY | I12: =I9-D9 | J12: =J9-E9 | K12: =K9-F9 | L12: =L9-G9 | M12: =M9-H9 | N12: =N9-I9 | O12: =O9-J9 | P12: =P9-K9 | ... W12: =W9-R9
B13: $ QoQ | E13: =E9-D9 | F13: =F9-E9 | G13: =G9-F9 | I13: =I9-G9 | J13: =J9-I9 | K13: =K9-J9 | L13: =L9-K9 | N13: -167.34031 | O13: 108.22343 | P13: 89.01703 | Q13: 142.62275 | S13: -14.005059 | T13: 46.31403 | U13: 70.03191 | V13: 108.55852
B15: Consensus Total Revenue | N15: 1720.2848 | O15: 1821.1757 | P15: 1926.0047 | Q15: 2116.3382 | R15: =SUM(N15:Q15) | S15: 1928.1158 | T15: 2022.7232 | U15: 2125.4218 | V15: 2326.3574 | W15: =SUM(S15:V15)
B16: % YoY | S16: =IFERROR((S15-N15)/N15,"-") | T16: =IFERROR((T15-O15)/O15,"-") | U16: =IFERROR((U15-P15)/P15,"-") | V16: =IFERROR((V15-Q15)/Q15,"-") | W16: =IFERROR((W15-R15)/R15,"-")
B17: % QoQ | O17: =IFERROR((O15-N15)/N15,"-") | P17: =IFERROR((P15-O15)/O15,"-") | Q17: =IFERROR((Q15-P15)/P15,"-") | S17: =IFERROR((S15-Q15)/Q15,"-") | T17: =IFERROR((T15-S15)/S15,"-") | U17: =IFERROR((U15-T15)/T15,"-") | V17: =IFERROR((V15-U15)/U15,"-")
B18: $ YoY | S18: =S15-N15 | T18: =T15-O15 | U18: =U15-P15 | V18: =V15-Q15 | W18: =W15-R15
B19: $ QoQ | O19: =O15-N15 | P19: =P15-O15 | Q19: =Q15-P15 | S19: =S15-Q15 | T19: =T15-S15 | U19: =U15-T15 | V19: =V15-U15
B21: % Variance vs Consensus | N21: =IFERROR((N9-N15)/N15,"-") | O21: =IFERROR((O9-O15)/O15,"-") | P21: =IFERROR((P9-P15)/P15,"-") | Q21: =IFERROR((Q9-Q15)/Q15,"-") | R21: =IFERROR((R9-R15)/R15,"-") | S21: =IFERROR((S9-S15)/S15,"-") | T21: =IFERROR((T9-T15)/T15,"-") | U21: =IFERROR((U9-U15)/U15,"-") | ... W21: =IFERROR((W9-W15)/W15,"-")
B23: Implied Q+2 Guide | O23: =O9/(1+$C$3)
B24: % YoY | O24: =IFERROR((O23-J9)/J9,"-")
B25: % QoQ | O25: =IFERROR((O23-N9)/N9,"-")
B26: $ YoY | O26: =O23-J9
B27: $ QoQ | O27: =O23-N9
B29: % Variance Guide vs Consensus | O29: =IFERROR((O23-O15)/O15,"-")
B31: Actuals vs Consensus
B32: Actual Revenue | D32: 1353.3 | E32: 1434.3 | F32: 1508.1 | G32: 1660.1 | H32: =SUM(D32:G32) | I32: 1539.7 | J32: 1630 | K32: 1724.9 | L32: 1905 | M32: =SUM(I32:L32)
B33: Consensus Revenue | D33: 1338.0629 | E33: 1404.8911 | F33: 1479.699 | G33: 1592.6258 | H33: =SUM(D33:G33) | I33: 1538.4895 | J33: 1625.0771 | K33: 1704.2581 | L33: 1859.668 | M33: =SUM(I33:L33)
B34: Beat / Miss ($) | D34: =D32-D33 | E34: =E32-E33 | F34: =F32-F33 | G34: =G32-G33 | H34: =H32-H33 | I34: =I32-I33 | J34: =J32-J33 | K34: =K32-K33 | ... M34: =M32-M33
B35: Beat / Miss (%) | D35: =IFERROR((D32-D33)/D33,"-") | E35: =IFERROR((E32-E33)/E33,"-") | F35: =IFERROR((F32-F33)/F33,"-") | G35: =IFERROR((G32-G33)/G33,"-") | H35: =IFERROR((H32-H33)/H33,"-") | I35: =IFERROR((I32-I33)/I33,"-") | J35: =IFERROR((J32-J33)/J33,"-") | K35: =IFERROR((K32-K33)/K33,"-") | ... M35: =IFERROR((M32-M33)/M33,"-")
B37: Trailing 4Q Avg Beat | C37: =AVERAGE(I35,J35,K35,L35)
B38: Trailing 8Q Avg Beat | C38: =AVERAGE(D35,E35,F35,G35,I35,J35,K35,L35)
B39: Selected Beat Cadence | C39: 0.0101

Sheet TEAM
B1: TEAM: KIN Base Case Operating Model
B2: USD in Millions Unless Stated Otherwise
B3: Beat Cadence (%) | C3: 0.0159
B4: Beat Window | C4: 4Q
B5: Momentum | C5: ACCELERATING
D7: Q1-24 | E7: Q2-24 | F7: Q3-24 | G7: Q4-24 | H7: FY24 | I7: Q1-25 | J7: Q2-25 | K7: Q3-25 | L7: Q4-25 | M7: FY25 | N7: Q1-26E | O7: Q2-26E | P7: Q3-26E | Q7: Q4-26E | R7: FY26E | S7: Q1-27E | T7: Q2-27E | U7: Q3-27E | V7: Q4-27E | W7: FY27E
B9: Total Revenue | D9: 1189.128 | E9: 1131.59 | F9: 1187.781 | G9: 1286.463 | H9: =SUM(D9:G9) | I9: 1356.716 | J9: 1384.344 | K9: 1432.553 | L9: 1586.315 | M9: =SUM(I9:L9) | N9: =L9+N13 | O9: =N9+O13 | P9: =O9+P13 | Q9: =P9+Q13 | R9: =SUM(N9:Q9) | S9: =Q9+S13 | T9: =S9+T13 | U9: =T9+U13 | V9: =U9+V13 | W9: =SUM(S9:V9)
B10: % YoY | I10: =IFERROR((I9-D9)/D9,"-") | J10: =IFERROR((J9-E9)/E9,"-") | K10: =IFERROR((K9-F9)/F9,"-") | L10: =IFERROR((L9-G9)/G9,"-") | M10: =IFERROR((M9-H9)/H9,"-") | N10: =IFERROR((N9-I9)/I9,"-") | O10: =IFERROR((O9-J9)/J9,"-") | P10: =IFERROR((P9-K9)/K9,"-") | ... W10: =IFERROR((W9-R9)/R9,"-")
B11: % QoQ | E11: =IFERROR((E9-D9)/D9,"-") | F11: =IFERROR((F9-E9)/E9,"-") | G11: =IFERROR((G9-F9)/F9,"-") | I11: =IFERROR((I9-G9)/G9,"-") | J11: =IFERROR((J9-I9)/I9,"-") | K11: =IFERROR((K9-J9)/J9,"-") | L11: =IFERROR((L9-K9)/K9,"-") | N11: =IFERROR((N9-L9)/L9,"-") | O11: =IFERROR((O9-N9)/N9,"-") | P11: =IFERROR((P9-O9)/O9,"-") | Q11: =IFERROR((Q9-P9)/P9,"-") | S11: =IFERROR((S9-Q9)/Q9,"-") | T11: =IFERROR((T9-S9)/S9,"-") | U11: =IFERROR((U9-T9)/T9,"-") | V11: =IFERROR((V9-U9)/U9,"-")
B12: $ YoY | I12: =I9-D9 | J12: =J9-E9 | K12: =K9-F9 | L12: =L9-G9 | M12: =M9-H9 | N12: =N9-I9 | O12: =O9-J9 | P12: =P9-K9 | ... W12: =W9-R9
B13: $ QoQ | E13: =E9-D9 | F13: =F9-E9 | G13: =G9-F9 | I13: =I9-G9 | J13: =J9-I9 | K13: =K9-J9 | L13: =L9-K9 | N13: 136.49292 | O13: -77.867103 | P13: 55.373886 | Q13: 119.82016 | S13: 68.545949 | T13: 55.92806 | U13: 62.911746 | V13: 99.323377
B15: Consensus Total Revenue | N15: 1695.844 | O15: 1658.9878 | P15: 1705.0546 | Q15: 1854.0142 | R15: =SUM(N15:Q15) | S15: 1958.1775 | T15: 1955.189 | U15: 2007.1882 | V15: 2167.2861 | W15: =SUM(S15:V15)
B16: % YoY | S16: =IFERROR((S15-N15)/N15,"-") | T16: =IFERROR((T15-O15)/O15,"-") | U16: =IFERROR((U15-P15)/P15,"-") | V16: =IFERROR((V15-Q15)/Q15,"-") | W16: =IFERROR((W15-R15)/R15,"-")
B17: % QoQ | O17: =IFERROR((O15-N15)/N15,"-") | P17: =IFERROR((P15-O15)/O15,"-") | Q17: =IFERROR((Q15-P15)/P15,"-") | S17: =IFERROR((S15-Q15)/Q15,"-") | T17: =IFERROR((T15-S15)/S15,"-") | U17: =IFERROR((U15-T15)/T15,"-") | V17: =IFERROR((V15-U15)/U15,"-")
B18: $ YoY | S18: =S15-N15 | T18: =T15-O15 | U18: =U15-P15 | V18: =V15-Q15 | W18: =W15-R15
B19: $ QoQ | O19: =O15-N15 | P19: =P15-O15 | Q19: =Q15-P15 | S19: =S15-Q15 | T19: =T15-S15 | U19: =U15-T15 | V19: =V15-U15
B21: % Variance vs Consensus | N21: =IFERROR((N9-N15)/N15,"-") | O21: =IFERROR((O9-O15)/O15,"-") | P21: =IFERROR((P9-P15)/P15,"-") | Q21: =IFERROR((Q9-Q15)/Q15,"-") | R21: =IFERROR((R9-R15)/R15,"-") | S21: =IFERROR((S9-S15)/S15,"-") | T21: =IFERROR((T9-T15)/T15,"-") | U21: =IFERROR((U9-U15)/U15,"-") | ... W21: =IFERROR((W9-W15)/W15,"-")
B23: Implied Q+2 Guide | O23: =O9/(1+$C$3)
B24: % YoY | O24: =IFERROR((O23-J9)/J9,"-")
B25: % QoQ | O25: =IFERROR((O23-N9)/N9,"-")
B26: $ YoY | O26: =O23-J9
B27: $ QoQ | O27: =O23-N9
B29: % Variance Guide vs Consensus | O29: =IFERROR((O23-O15)/O15,"-")
B31: Actuals vs Consensus
B32: Actual Revenue | D32: 1189.128 | E32: 1131.59 | F32: 1187.781 | G32: 1286.463 | H32: =SUM(D32:G32) | I32: 1356.716 | J32: 1384.344 | K32: 1432.553 | L32: 1586.315 | M32: =SUM(I32:L32)
B33: Consensus Revenue | D33: 1097.7137 | E33: 1130.3196 | F33: 1155.3669 | G33: 1239.7927 | H33: =SUM(D33:G33) | I33: 1353.1983 | J33: 1356.1825 | K33: 1402.1895 | L33: 1557.23 | M33: =SUM(I33:L33)
B34: Beat / Miss ($) | D34: =D32-D33 | E34: =E32-E33 | F34: =F32-F33 | G34: =G32-G33 | H34: =H32-H33 | I34: =I32-I33 | J34: =J32-J33 | K34: =K32-K33 | ... M34: =M32-M33
B35: Beat / Miss (%) | D35: =IFERROR((D32-D33)/D33,"-") | E35: =IFERROR((E32-E33)/E33,"-") | F35: =IFERROR((F32-F33)/F33,"-") | G35: =IFERROR((G32-G33)/G33,"-") | H35: =IFERROR((H32-H33)/H33,"-") | I35: =IFERROR((I32-I33)/I33,"-") | J35: =IFERROR((J32-J33)/J33,"-") | K35: =IFERROR((K32-K33)/K33,"-") | ... M35: =IFERROR((M32-M33)/M33,"-")
B37: Trailing 4Q Avg Beat | C37: =AVERAGE(I35,J35,K35,L35)
B38: Trailing 8Q Avg Beat | C38: =AVERAGE(D35,E35,F35,G35,I35,J35,K35,L35)
B39: Selected Beat Cadence | C39: 0.0159

Sheet VEEV
B1: VEEV: KIN Base Case Operating Model
B2: USD in Millions Unless Stated Otherwise
B3: Beat Cadence (%) | C3: 0.0281
B4: Beat Window | C4: 4Q
B5: Momentum | C5: STABLE
D7: Q1-24 | E7: Q2-24 | F7: Q3-24 | G7: Q4-24 | H7: FY24 | I7: Q1-25 | J7: Q2-25 | K7: Q3-25 | L7: Q4-25 | M7: FY25 | N7: Q1-26 | O7: Q2-26E | P7: Q3-26E | Q7: Q4-26E | R7: FY26E | S7: Q1-27E | T7: Q2-27E | U7: Q3-27E | V7: Q4-27E | W7: FY27E | X7: Q1-28E
B9: Total Revenue | D9: 630.618 | E9: 650.345 | F9: 676.181 | G9: 699.207 | H9: =SUM(D9:G9) | I9: 720.886 | J9: 759.043 | K9: 789.081 | L9: 811.236 | M9: =SUM(I9:L9) | N9: 835.951 | O9: =N9+O13 | P9: =O9+P13 | Q9: =P9+Q13 | R9: =SUM(N9:Q9) | S9: =Q9+S13 | T9: =S9+T13 | U9: =T9+U13 | V9: =U9+V13 | W9: =SUM(S9:V9) | X9: =V9+X13
B10: % YoY | I10: =IFERROR((I9-D9)/D9,"-") | J10: =IFERROR((J9-E9)/E9,"-") | K10: =IFERROR((K9-F9)/F9,"-") | L10: =IFERROR((L9-G9)/G9,"-") | M10: =IFERROR((M9-H9)/H9,"-") | N10: =IFERROR((N9-I9)/I9,"-") | O10: =IFERROR((O9-J9)/J9,"-") | P10: =IFERROR((P9-K9)/K9,"-") | ... X10: =IFERROR((X9-S9)/S9,"-")
B11: % QoQ | E11: =IFERROR((E9-D9)/D9,"-") | F11: =IFERROR((F9-E9)/E9,"-") | G11: =IFERROR((G9-F9)/F9,"-") | I11: =IFERROR((I9-G9)/G9,"-") | J11: =IFERROR((J9-I9)/I9,"-") | K11: =IFERROR((K9-J9)/J9,"-") | L11: =IFERROR((L9-K9)/K9,"-") | N11: =IFERROR((N9-L9)/L9,"-") | O11: =IFERROR((O9-N9)/N9,"-") | P11: =IFERROR((P9-O9)/O9,"-") | Q11: =IFERROR((Q9-P9)/P9,"-") | S11: =IFERROR((S9-Q9)/Q9,"-") | T11: =IFERROR((T9-S9)/S9,"-") | U11: =IFERROR((U9-T9)/T9,"-") | V11: =IFERROR((V9-U9)/U9,"-") | X11: =IFERROR((X9-V9)/V9,"-")
B12: $ YoY | I12: =I9-D9 | J12: =J9-E9 | K12: =K9-F9 | L12: =L9-G9 | M12: =M9-H9 | N12: =N9-I9 | O12: =O9-J9 | P12: =P9-K9 | ... X12: =X9-S9
B13: $ QoQ | E13: =E9-D9 | F13: =F9-E9 | G13: =G9-F9 | I13: =I9-G9 | J13: =J9-I9 | K13: =K9-J9 | L13: =L9-K9 | N13: =N9-L9 | O13: 42.91054 | P13: 21.950836 | Q13: 25.685754 | S13: 26.672979 | T13: 31.475128 | U13: 32.383565 | V13: 30.063773 | X13: 30.168293
B15: Consensus Total Revenue | O15: 854.84052 | P15: 888.66957 | Q15: 913.21986 | S15: 940.56974 | T15: 965.08282 | U15: 998.61803 | V15: 1023.5899 | W15: =SUM(S15:V15) | X15: 1053.3269
B16: % YoY | T16: =IFERROR((T15-O15)/O15,"-") | U16: =IFERROR((U15-P15)/P15,"-") | V16: =IFERROR((V15-Q15)/Q15,"-") | X16: =IFERROR((X15-S15)/S15,"-")
B17: % QoQ | P17: =IFERROR((P15-O15)/O15,"-") | Q17: =IFERROR((Q15-P15)/P15,"-") | S17: =IFERROR((S15-Q15)/Q15,"-") | T17: =IFERROR((T15-S15)/S15,"-") | U17: =IFERROR((U15-T15)/T15,"-") | V17: =IFERROR((V15-U15)/U15,"-") | X17: =IFERROR((X15-V15)/V15,"-")
B18: $ YoY | T18: =T15-O15 | U18: =U15-P15 | V18: =V15-Q15 | X18: =X15-S15
B19: $ QoQ | P19: =P15-O15 | Q19: =Q15-P15 | S19: =S15-Q15 | T19: =T15-S15 | U19: =U15-T15 | V19: =V15-U15 | X19: =X15-V15
B21: % Variance vs Consensus | O21: =IFERROR((O9-O15)/O15,"-") | P21: =IFERROR((P9-P15)/P15,"-") | Q21: =IFERROR((Q9-Q15)/Q15,"-") | R21: =IFERROR((R9-R15)/R15,"-") | S21: =IFERROR((S9-S15)/S15,"-") | T21: =IFERROR((T9-T15)/T15,"-") | U21: =IFERROR((U9-U15)/U15,"-") | V21: =IFERROR((V9-V15)/V15,"-") | ... X21: =IFERROR((X9-X15)/X15,"-")
B23: Implied Q+2 Guide | P23: =P9/(1+$C$3)
B24: % YoY | P24: =IFERROR((P23-K9)/K9,"-")
B25: % QoQ | P25: =IFERROR((P23-O9)/O9,"-")
B26: $ YoY | P26: =P23-K9
B27: $ QoQ | P27: =P23-O9
B29: % Variance Guide vs Consensus | P29: =IFERROR((P23-P15)/P15,"-")
B31: Actuals vs Consensus
B32: Actual Revenue | D32: 630.618 | E32: 650.345 | F32: 676.181 | G32: 699.207 | H32: =SUM(D32:G32) | I32: 720.886 | J32: 759.043 | K32: 789.081 | L32: 811.236 | M32: =SUM(I32:L32) | N32: 835.951
B33: Consensus Revenue | D33: 621.10824 | E33: 642.05034 | F33: 667.83012 | G33: 684.37557 | H33: =SUM(D33:G33) | I33: 699.2339 | K33: 768.44511 | L33: 792.79152 | N33: 810.6717
B34: Beat / Miss ($) | D34: =D32-D33 | E34: =E32-E33 | F34: =F32-F33 | G34: =G32-G33 | H34: =H32-H33 | I34: =I32-I33 | K34: =K32-K33 | L34: =L32-L33 | N34: =N32-N33
B35: Beat / Miss (%) | D35: =IFERROR((D32-D33)/D33,"-") | E35: =IFERROR((E32-E33)/E33,"-") | F35: =IFERROR((F32-F33)/F33,"-") | G35: =IFERROR((G32-G33)/G33,"-") | H35: =IFERROR((H32-H33)/H33,"-") | I35: =IFERROR((I32-I33)/I33,"-") | K35: =IFERROR((K32-K33)/K33,"-") | L35: =IFERROR((L32-L33)/L33,"-") | N35: =IFERROR((N32-N33)/N33,"-")
B37: Trailing 4Q Avg Beat | C37: =AVERAGE(I35,K35,L35,N35)
B38: Trailing 8Q Avg Beat | C38: =AVERAGE(D35,E35,F35,G35,I35,K35,L35,N35)
B39: Selected Beat Cadence | C39: 0.0281

Sheet ROP
B1: ROP: KIN Base Case Operating Model
B2: USD in Millions Unless Stated Otherwise
B3: Beat Cadence (%) | C3: -0.0012
B4: Beat Window | C4: 4Q
B5: Momentum | C5: STABLE
D7: Q1-24 | E7: Q2-24 | F7: Q3-24 | G7: Q4-24 | H7: FY24 | I7: Q1-25 | J7: Q2-25 | K7: Q3-25 | L7: Q4-25 | M7: FY25 | N7: Q1-26E | O7: Q2-26E | P7: Q3-26E | Q7: Q4-26E | R7: FY26E | S7: Q1-27E | T7: Q2-27E | U7: Q3-27E | V7: Q4-27E | W7: FY27E
B9: Total Revenue | D9: 1680.7 | E9: 1716.8 | F9: 1764.6 | G9: 1877.1 | H9: =SUM(D9:G9) | I9: 1882.8 | J9: 1943.6 | K9: 2017.5 | L9: 2058.6 | M9: =SUM(I9:L9) | N9: =L9+N13 | O9: =N9+O13 | P9: =O9+P13 | Q9: =P9+Q13 | R9: =SUM(N9:Q9) | S9: =Q9+S13 | T9: =S9+T13 | U9: =T9+U13 | V9: =U9+V13 | W9: =SUM(S9:V9)
B10: % YoY | I10: =IFERROR((I9-D9)/D9,"-") | J10: =IFERROR((J9-E9)/E9,"-") | K10: =IFERROR((K9-F9)/F9,"-") | L10: =IFERROR((L9-G9)/G9,"-") | M10: =IFERROR((M9-H9)/H9,"-") | N10: =IFERROR((N9-I9)/I9,"-") | O10: =IFERROR((O9-J9)/J9,"-") | P10: =IFERROR((P9-K9)/K9,"-") | ... W10: =IFERROR((W9-R9)/R9,"-")
B11: % QoQ | E11: =IFERROR((E9-D9)/D9,"-") | F11: =IFERROR((F9-E9)/E9,"-") | G11: =IFERROR((G9-F9)/F9,"-") | I11: =IFERROR((I9-G9)/G9,"-") | J11: =IFERROR((J9-I9)/I9,"-") | K11: =IFERROR((K9-J9)/J9,"-") | L11: =IFERROR((L9-K9)/K9,"-") | N11: =IFERROR((N9-L9)/L9,"-") | O11: =IFERROR((O9-N9)/N9,"-") | P11: =IFERROR((P9-O9)/O9,"-") | Q11: =IFERROR((Q9-P9)/P9,"-") | S11: =IFERROR((S9-Q9)/Q9,"-") | T11: =IFERROR((T9-S9)/S9,"-") | U11: =IFERROR((U9-T9)/T9,"-") | V11: =IFERROR((V9-U9)/U9,"-")
B12: $ YoY | I12: =I9-D9 | J12: =J9-E9 | K12: =K9-F9 | L12: =L9-G9 | M12: =M9-H9 | N12: =N9-I9 | O12: =O9-J9 | P12: =P9-K9 | ... W12: =W9-R9
B13: $ QoQ | E13: =E9-D9 | F13: =F9-E9 | G13: =G9-F9 | I13: =I9-G9 | J13: =J9-I9 | K13: =K9-J9 | L13: =L9-K9 | N13: -32.349594 | O13: 165.75908 | P13: 63.521301 | Q13: 53.319174 | S13: 69.096004 | T13: 65.109827 | U13: 66.972075 | V13: 62.534349
B15: Consensus Total Revenue | N15: 2028.6848 | O15: 2094.1958 | P15: 2161.5654 | Q15: 2193.2117 | R15: =SUM(N15:Q15) | S15: 2200.8326 | T15: 2241.6299 | U15: 2294.4581 | V15: 2328.4897 | W15: =SUM(S15:V15)
B16: % YoY | S16: =IFERROR((S15-N15)/N15,"-") | T16: =IFERROR((T15-O15)/O15,"-") | U16: =IFERROR((U15-P15)/P15,"-") | V16: =IFERROR((V15-Q15)/Q15,"-") | W16: =IFERROR((W15-R15)/R15,"-")
B17: % QoQ | O17: =IFERROR((O15-N15)/N15,"-") | P17: =IFERROR((P15-O15)/O15,"-") | Q17: =IFERROR((Q15-P15)/P15,"-") | S17: =IFERROR((S15-Q15)/Q15,"-") | T17: =IFERROR((T15-S15)/S15,"-") | U17: =IFERROR((U15-T15)/T15,"-") | V17: =IFERROR((V15-U15)/U15,"-")
B18: $ YoY | S18: =S15-N15 | T18: =T15-O15 | U18: =U15-P15 | V18: =V15-Q15 | W18: =W15-R15
B19: $ QoQ | O19: =O15-N15 | P19: =P15-O15 | Q19: =Q15-P15 | S19: =S15-Q15 | T19: =T15-S15 | U19: =U15-T15 | V19: =V15-U15
B21: % Variance vs Consensus | N21: =IFERROR((N9-N15)/N15,"-") | O21: =IFERROR((O9-O15)/O15,"-") | P21: =IFERROR((P9-P15)/P15,"-") | Q21: =IFERROR((Q9-Q15)/Q15,"-") | R21: =IFERROR((R9-R15)/R15,"-") | S21: =IFERROR((S9-S15)/S15,"-") | T21: =IFERROR((T9-T15)/T15,"-") | U21: =IFERROR((U9-U15)/U15,"-") | ... W21: =IFERROR((W9-W15)/W15,"-")
B23: Implied Q+2 Guide | O23: =O9/(1+$C$3)
B24: % YoY | O24: =IFERROR((O23-J9)/J9,"-")
B25: % QoQ | O25: =IFERROR((O23-N9)/N9,"-")
B26: $ YoY | O26: =O23-J9
B27: $ QoQ | O27: =O23-N9
B29: % Variance Guide vs Consensus | O29: =IFERROR((O23-O15)/O15,"-")
B31: Actuals vs Consensus
B32: Actual Revenue | D32: 1680.7 | E32: 1716.8 | F32: 1764.6 | G32: 1877.1 | H32: =SUM(D32:G32) | I32: 1882.8 | J32: 1943.6 | K32: 2017.5 | L32: 2058.6 | M32: =SUM(I32:L32)
B33: Consensus Revenue | D33: 1657.8354 | E33: 1732.1335 | F33: 1723.7108 | G33: 1837.0265 | H33: =SUM(D33:G33) | I33: 1881.7322 | J33: 1927.8209 | K33: 2023.8596 | L33: 2080.616 | M33: =SUM(I33:L33)
B34: Beat / Miss ($) | D34: =D32-D33 | E34: =E32-E33 | F34: =F32-F33 | G34: =G32-G33 | H34: =H32-H33 | I34: =I32-I33 | J34: =J32-J33 | K34: =K32-K33 | ... M34: =M32-M33
B35: Beat / Miss (%) | D35: =IFERROR((D32-D33)/D33,"-") | E35: =IFERROR((E32-E33)/E33,"-") | F35: =IFERROR((F32-F33)/F33,"-") | G35: =IFERROR((G32-G33)/G33,"-") | H35: =IFERROR((H32-H33)/H33,"-") | I35: =IFERROR((I32-I33)/I33,"-") | J35: =IFERROR((J32-J33)/J33,"-") | K35: =IFERROR((K32-K33)/K33,"-") | ... M35: =IFERROR((M32-M33)/M33,"-")
B37: Trailing 4Q Avg Beat | C37: =AVERAGE(I35,J35,K35,L35)
B38: Trailing 8Q Avg Beat | C38: =AVERAGE(D35,E35,F35,G35,I35,J35,K35,L35)
B39: Selected Beat Cadence | C39: -0.0012

Sheet PLTR
B1: PLTR: KIN Base Case Operating Model
B2: USD in Millions Unless Stated Otherwise
B3: Beat Cadence (%) | C3: 0.0566
B4: Beat Window | C4: 4Q
B5: Momentum | C5: ACCELERATING
D7: Q1-24 | E7: Q2-24 | F7: Q3-24 | G7: Q4-24 | H7: FY24 | I7: Q1-25 | J7: Q2-25 | K7: Q3-25 | L7: Q4-25 | M7: FY25 | N7: Q1-26E | O7: Q2-26E | P7: Q3-26E | Q7: Q4-26E | R7: FY26E | S7: Q1-27E | T7: Q2-27E | U7: Q3-27E | V7: Q4-27E | W7: FY27E
B9: Total Revenue | D9: 634.338 | E9: 678.134 | F9: 725.516 | G9: 827.519 | H9: =SUM(D9:G9) | I9: 883.855 | J9: 1003.697 | K9: 1181.092 | L9: 1406.802 | M9: =SUM(I9:L9) | N9: =L9+N13 | O9: =N9+O13 | P9: =O9+P13 | Q9: =P9+Q13 | R9: =SUM(N9:Q9) | S9: =Q9+S13 | T9: =S9+T13 | U9: =T9+U13 | V9: =U9+V13 | W9: =SUM(S9:V9)
B10: % YoY | I10: =IFERROR((I9-D9)/D9,"-") | J10: =IFERROR((J9-E9)/E9,"-") | K10: =IFERROR((K9-F9)/F9,"-") | L10: =IFERROR((L9-G9)/G9,"-") | M10: =IFERROR((M9-H9)/H9,"-") | N10: =IFERROR((N9-I9)/I9,"-") | O10: =IFERROR((O9-J9)/J9,"-") | P10: =IFERROR((P9-K9)/K9,"-") | ... W10: =IFERROR((W9-R9)/R9,"-")
B11: % QoQ | E11: =IFERROR((E9-D9)/D9,"-") | F11: =IFERROR((F9-E9)/E9,"-") | G11: =IFERROR((G9-F9)/F9,"-") | I11: =IFERROR((I9-G9)/G9,"-") | J11: =IFERROR((J9-I9)/I9,"-") | K11: =IFERROR((K9-J9)/J9,"-") | L11: =IFERROR((L9-K9)/K9,"-") | N11: =IFERROR((N9-L9)/L9,"-") | O11: =IFERROR((O9-N9)/N9,"-") | P11: =IFERROR((P9-O9)/O9,"-") | Q11: =IFERROR((Q9-P9)/P9,"-") | S11: =IFERROR((S9-Q9)/Q9,"-") | T11: =IFERROR((T9-S9)/S9,"-") | U11: =IFERROR((U9-T9)/T9,"-") | V11: =IFERROR((V9-U9)/U9,"-")
B12: $ YoY | I12: =I9-D9 | J12: =J9-E9 | K12: =K9-F9 | L12: =L9-G9 | M12: =M9-H9 | N12: =N9-I9 | O12: =O9-J9 | P12: =P9-K9 | ... W12: =W9-R9
B13: $ QoQ | E13: =E9-D9 | F13: =F9-E9 | G13: =G9-F9 | I13: =I9-G9 | J13: =J9-I9 | K13: =K9-J9 | L13: =L9-K9 | N13: 94.53055 | O13: -163.55961 | P13: 175.27023 | Q13: 218.29 | S13: 16.871453 | T13: 97.777902 | U13: 159.30724 | V13: 211.72565
B15: Consensus Total Revenue | N15: 1420.9091 | O15: 1613.5703 | P15: 1883.7419 | Q15: 2163.1342 | R15: =SUM(N15:Q15) | S15: 2241.7139 | T15: 2422.1161 | U15: 2665.4257 | V15: 3021.7351 | W15: =SUM(S15:V15)
B16: % YoY | S16: =IFERROR((S15-N15)/N15,"-") | T16: =IFERROR((T15-O15)/O15,"-") | U16: =IFERROR((U15-P15)/P15,"-") | V16: =IFERROR((V15-Q15)/Q15,"-") | W16: =IFERROR((W15-R15)/R15,"-")
B17: % QoQ | O17: =IFERROR((O15-N15)/N15,"-") | P17: =IFERROR((P15-O15)/O15,"-") | Q17: =IFERROR((Q15-P15)/P15,"-") | S17: =IFERROR((S15-Q15)/Q15,"-") | T17: =IFERROR((T15-S15)/S15,"-") | U17: =IFERROR((U15-T15)/T15,"-") | V17: =IFERROR((V15-U15)/U15,"-")
B18: $ YoY | S18: =S15-N15 | T18: =T15-O15 | U18: =U15-P15 | V18: =V15-Q15 | W18: =W15-R15
B19: $ QoQ | O19: =O15-N15 | P19: =P15-O15 | Q19: =Q15-P15 | S19: =S15-Q15 | T19: =T15-S15 | U19: =U15-T15 | V19: =V15-U15
B21: % Variance vs Consensus | N21: =IFERROR((N9-N15)/N15,"-") | O21: =IFERROR((O9-O15)/O15,"-") | P21: =IFERROR((P9-P15)/P15,"-") | Q21: =IFERROR((Q9-Q15)/Q15,"-") | R21: =IFERROR((R9-R15)/R15,"-") | S21: =IFERROR((S9-S15)/S15,"-") | T21: =IFERROR((T9-T15)/T15,"-") | U21: =IFERROR((U9-U15)/U15,"-") | ... W21: =IFERROR((W9-W15)/W15,"-")
B23: Implied Q+2 Guide | O23: =O9/(1+$C$3)
B24: % YoY | O24: =IFERROR((O23-J9)/J9,"-")
B25: % QoQ | O25: =IFERROR((O23-N9)/N9,"-")
B26: $ YoY | O26: =O23-J9
B27: $ QoQ | O27: =O23-N9
B29: % Variance Guide vs Consensus | O29: =IFERROR((O23-O15)/O15,"-")
B31: Actuals vs Consensus
B32: Actual Revenue | D32: 634.338 | E32: 678.134 | F32: 725.516 | G32: 827.519 | H32: =SUM(D32:G32) | I32: 883.855 | J32: 1003.697 | K32: 1181.092 | L32: 1406.802 | M32: =SUM(I32:L32)
B33: Consensus Revenue | D33: 615.39607 | E33: 653.22905 | F33: 705.11187 | G33: 869.27338 | H33: =SUM(D33:G33) | I33: 862.17381 | J33: 937.69823 | K33: 1091.8378 | L33: 1341.029 | M33: =SUM(I33:L33)
B34: Beat / Miss ($) | D34: =D32-D33 | E34: =E32-E33 | F34: =F32-F33 | G34: =G32-G33 | H34: =H32-H33 | I34: =I32-I33 | J34: =J32-J33 | K34: =K32-K33 | ... M34: =M32-M33
B35: Beat / Miss (%) | D35: =IFERROR((D32-D33)/D33,"-") | E35: =IFERROR((E32-E33)/E33,"-") | F35: =IFERROR((F32-F33)/F33,"-") | G35: =IFERROR((G32-G33)/G33,"-") | H35: =IFERROR((H32-H33)/H33,"-") | I35: =IFERROR((I32-I33)/I33,"-") | J35: =IFERROR((J32-J33)/J33,"-") | K35: =IFERROR((K32-K33)/K33,"-") | ... M35: =IFERROR((M32-M33)/M33,"-")
B37: Trailing 4Q Avg Beat | C37: =AVERAGE(I35,J35,K35,L35)
B38: Trailing 8Q Avg Beat | C38: =AVERAGE(D35,E35,F35,G35,I35,J35,K35,L35)
B39: Selected Beat Cadence | C39: 0.0566

Sheet HUBS
B1: HUBS: KIN Base Case Operating Model
B2: USD in Millions Unless Stated Otherwise
B3: Beat Cadence (%) | C3: 0.0238
B4: Beat Window | C4: 4Q
B5: Momentum | C5: STABLE
D7: Q1-24 | E7: Q2-24 | F7: Q3-24 | G7: Q4-24 | H7: FY24 | I7: Q1-25 | J7: Q2-25 | K7: Q3-25 | L7: Q4-25 | M7: FY25 | N7: Q1-26E | O7: Q2-26E | P7: Q3-26E | Q7: Q4-26E | R7: FY26E | S7: Q1-27E | T7: Q2-27E | U7: Q3-27E | V7: Q4-27E | W7: FY27E
B9: Total Revenue | D9: 617.414 | E9: 637.23 | F9: 669.721 | G9: 703.178 | H9: =SUM(D9:G9) | I9: 714.137 | J9: 760.866 | K9: 809.518 | L9: 846.723 | M9: =SUM(I9:L9) | N9: =L9+N13 | O9: =N9+O13 | P9: =O9+P13 | Q9: =P9+Q13 | R9: =SUM(N9:Q9) | S9: =Q9+S13 | T9: =S9+T13 | U9: =T9+U13 | V9: =U9+V13 | W9: =SUM(S9:V9)
B10: % YoY | I10: =IFERROR((I9-D9)/D9,"-") | J10: =IFERROR((J9-E9)/E9,"-") | K10: =IFERROR((K9-F9)/F9,"-") | L10: =IFERROR((L9-G9)/G9,"-") | M10: =IFERROR((M9-H9)/H9,"-") | N10: =IFERROR((N9-I9)/I9,"-") | O10: =IFERROR((O9-J9)/J9,"-") | P10: =IFERROR((P9-K9)/K9,"-") | ... W10: =IFERROR((W9-R9)/R9,"-")
B11: % QoQ | E11: =IFERROR((E9-D9)/D9,"-") | F11: =IFERROR((F9-E9)/E9,"-") | G11: =IFERROR((G9-F9)/F9,"-") | I11: =IFERROR((I9-G9)/G9,"-") | J11: =IFERROR((J9-I9)/I9,"-") | K11: =IFERROR((K9-J9)/J9,"-") | L11: =IFERROR((L9-K9)/K9,"-") | N11: =IFERROR((N9-L9)/L9,"-") | O11: =IFERROR((O9-N9)/N9,"-") | P11: =IFERROR((P9-O9)/O9,"-") | Q11: =IFERROR((Q9-P9)/P9,"-") | S11: =IFERROR((S9-Q9)/Q9,"-") | T11: =IFERROR((T9-S9)/S9,"-") | U11: =IFERROR((U9-T9)/T9,"-") | V11: =IFERROR((V9-U9)/U9,"-")
B12: $ YoY | I12: =I9-D9 | J12: =J9-E9 | K12: =K9-F9 | L12: =L9-G9 | M12: =M9-H9 | N12: =N9-I9 | O12: =O9-J9 | P12: =P9-K9 | ... W12: =W9-R9
B13: $ QoQ | E13: =E9-D9 | F13: =F9-E9 | G13: =G9-F9 | I13: =I9-G9 | J13: =J9-I9 | K13: =K9-J9 | L13: =L9-K9 | N13: 16.992067 | O13: 47.963565 | P13: 38.710611 | Q13: 39.252448 | S13: 40.741725 | T13: 35.404608 | U13: 40.147243 | V13: 42.173743
B15: Consensus Total Revenue | N15: 843.63652 | O15: 898.83922 | P15: 947.56824 | Q15: 989.10559 | R15: =SUM(N15:Q15) | S15: 1004.6361 | T15: 1046.7773 | U15: 1094.4358 | V15: 1141.8416 | W15: =SUM(S15:V15)
B16: % YoY | S16: =IFERROR((S15-N15)/N15,"-") | T16: =IFERROR((T15-O15)/O15,"-") | U16: =IFERROR((U15-P15)/P15,"-") | V16: =IFERROR((V15-Q15)/Q15,"-") | W16: =IFERROR((W15-R15)/R15,"-")
B17: % QoQ | O17: =IFERROR((O15-N15)/N15,"-") | P17: =IFERROR((P15-O15)/O15,"-") | Q17: =IFERROR((Q15-P15)/P15,"-") | S17: =IFERROR((S15-Q15)/Q15,"-") | T17: =IFERROR((T15-S15)/S15,"-") | U17: =IFERROR((U15-T15)/T15,"-") | V17: =IFERROR((V15-U15)/U15,"-")
B18: $ YoY | S18: =S15-N15 | T18: =T15-O15 | U18: =U15-P15 | V18: =V15-Q15 | W18: =W15-R15
B19: $ QoQ | O19: =O15-N15 | P19: =P15-O15 | Q19: =Q15-P15 | S19: =S15-Q15 | T19: =T15-S15 | U19: =U15-T15 | V19: =V15-U15
B21: % Variance vs Consensus | N21: =IFERROR((N9-N15)/N15,"-") | O21: =IFERROR((O9-O15)/O15,"-") | P21: =IFERROR((P9-P15)/P15,"-") | Q21: =IFERROR((Q9-Q15)/Q15,"-") | R21: =IFERROR((R9-R15)/R15,"-") | S21: =IFERROR((S9-S15)/S15,"-") | T21: =IFERROR((T9-T15)/T15,"-") | U21: =IFERROR((U9-U15)/U15,"-") | ... W21: =IFERROR((W9-W15)/W15,"-")
B23: Implied Q+2 Guide | O23: =O9/(1+$C$3)
B24: % YoY | O24: =IFERROR((O23-J9)/J9,"-")
B25: % QoQ | O25: =IFERROR((O23-N9)/N9,"-")
B26: $ YoY | O26: =O23-J9
B27: $ QoQ | O27: =O23-N9
B29: % Variance Guide vs Consensus | O29: =IFERROR((O23-O15)/O15,"-")
B31: Actuals vs Consensus
B32: Actual Revenue | D32: 617.414 | E32: 637.23 | F32: 669.721 | G32: 703.178 | H32: =SUM(D32:G32) | I32: 714.137 | J32: 760.866 | K32: 809.518 | L32: 846.723 | M32: =SUM(I32:L32)
B33: Consensus Revenue | D33: 597.98195 | E33: 619.27996 | F33: 646.97138 | G33: 673.29012 | H33: =SUM(D33:G33) | I33: 700.9403 | J33: 739.85977 | K33: 786.59576 | L33: 830.9059 | M33: =SUM(I33:L33)
B34: Beat / Miss ($) | D34: =D32-D33 | E34: =E32-E33 | F34: =F32-F33 | G34: =G32-G33 | H34: =H32-H33 | I34: =I32-I33 | J34: =J32-J33 | K34: =K32-K33 | ... M34: =M32-M33
B35: Beat / Miss (%) | D35: =IFERROR((D32-D33)/D33,"-") | E35: =IFERROR((E32-E33)/E33,"-") | F35: =IFERROR((F32-F33)/F33,"-") | G35: =IFERROR((G32-G33)/G33,"-") | H35: =IFERROR((H32-H33)/H33,"-") | I35: =IFERROR((I32-I33)/I33,"-") | J35: =IFERROR((J32-J33)/J33,"-") | K35: =IFERROR((K32-K33)/K33,"-") | ... M35: =IFERROR((M32-M33)/M33,"-")
B37: Trailing 4Q Avg Beat | C37: =AVERAGE(I35,J35,K35,L35)
B38: Trailing 8Q Avg Beat | C38: =AVERAGE(D35,E35,F35,G35,I35,J35,K35,L35)
B39: Selected Beat Cadence | C39: 0.0238

Sheet ZS
B1: ZS: KIN Base Case Operating Model
B2: USD in Millions Unless Stated Otherwise
B3: Beat Cadence (%) | C3: 0.019
B4: Beat Window | C4: 4Q
B5: Momentum | C5: STABLE
D7: Q1-24 | E7: Q2-24 | F7: Q3-24 | G7: Q4-24 | H7: FY24 | I7: Q1-25 | J7: Q2-25 | K7: Q3-25 | L7: Q4-25 | M7: FY25 | N7: Q1-26 | O7: Q2-26E | P7: Q3-26E | Q7: Q4-26E | R7: FY26E | S7: Q1-27E | T7: Q2-27E | U7: Q3-27E | V7: Q4-27E | W7: FY27E | X7: Q1-28E
B9: Total Revenue | D9: 524.999 | E9: 553.201 | F9: 592.868 | G9: 627.955 | H9: =SUM(D9:G9) | I9: 647.9 | J9: 678.034 | K9: 719.226 | L9: 788.112 | M9: =SUM(I9:L9) | N9: 815.751 | O9: =N9+O13 | P9: =O9+P13 | Q9: =P9+Q13 | R9: =SUM(N9:Q9) | S9: =Q9+S13 | T9: =S9+T13 | U9: =T9+U13 | V9: =U9+V13 | W9: =SUM(S9:V9) | X9: =V9+X13
B10: % YoY | I10: =IFERROR((I9-D9)/D9,"-") | J10: =IFERROR((J9-E9)/E9,"-") | K10: =IFERROR((K9-F9)/F9,"-") | L10: =IFERROR((L9-G9)/G9,"-") | M10: =IFERROR((M9-H9)/H9,"-") | N10: =IFERROR((N9-I9)/I9,"-") | O10: =IFERROR((O9-J9)/J9,"-") | P10: =IFERROR((P9-K9)/K9,"-") | ... X10: =IFERROR((X9-S9)/S9,"-")
B11: % QoQ | E11: =IFERROR((E9-D9)/D9,"-") | F11: =IFERROR((F9-E9)/E9,"-") | G11: =IFERROR((G9-F9)/F9,"-") | I11: =IFERROR((I9-G9)/G9,"-") | J11: =IFERROR((J9-I9)/I9,"-") | K11: =IFERROR((K9-J9)/J9,"-") | L11: =IFERROR((L9-K9)/K9,"-") | N11: =IFERROR((N9-L9)/L9,"-") | O11: =IFERROR((O9-N9)/N9,"-") | P11: =IFERROR((P9-O9)/O9,"-") | Q11: =IFERROR((Q9-P9)/P9,"-") | S11: =IFERROR((S9-Q9)/Q9,"-") | T11: =IFERROR((T9-S9)/S9,"-") | U11: =IFERROR((U9-T9)/T9,"-") | V11: =IFERROR((V9-U9)/U9,"-") | X11: =IFERROR((X9-V9)/V9,"-")
B12: $ YoY | I12: =I9-D9 | J12: =J9-E9 | K12: =K9-F9 | L12: =L9-G9 | M12: =M9-H9 | N12: =N9-I9 | O12: =O9-J9 | P12: =P9-K9 | ... X12: =X9-S9
B13: $ QoQ | E13: =E9-D9 | F13: =F9-E9 | G13: =G9-F9 | I13: =I9-G9 | J13: =J9-I9 | K13: =K9-J9 | L13: =L9-K9 | N13: =N9-L9 | O13: 71.888229 | P13: 13.469066 | Q13: 44.703222 | S13: 36.698267 | T13: 40.913927 | U13: 47.158956 | V13: 48.691928 | X13: 45.913526
B15: Consensus Total Revenue | O15: 871.08855 | P15: 901.63752 | Q15: 897.16225 | S15: 951.66675 | T15: 1042.8155 | U15: 1079.3869 | V15: 1065.9552 | W15: =SUM(S15:V15) | X15: 1130.7143
B16: % YoY | T16: =IFERROR((T15-O15)/O15,"-") | U16: =IFERROR((U15-P15)/P15,"-") | V16: =IFERROR((V15-Q15)/Q15,"-") | X16: =IFERROR((X15-S15)/S15,"-")
B17: % QoQ | P17: =IFERROR((P15-O15)/O15,"-") | Q17: =IFERROR((Q15-P15)/P15,"-") | S17: =IFERROR((S15-Q15)/Q15,"-") | T17: =IFERROR((T15-S15)/S15,"-") | U17: =IFERROR((U15-T15)/T15,"-") | V17: =IFERROR((V15-U15)/U15,"-") | X17: =IFERROR((X15-V15)/V15,"-")
B18: $ YoY | T18: =T15-O15 | U18: =U15-P15 | V18: =V15-Q15 | X18: =X15-S15
B19: $ QoQ | P19: =P15-O15 | Q19: =Q15-P15 | S19: =S15-Q15 | T19: =T15-S15 | U19: =U15-T15 | V19: =V15-U15 | X19: =X15-V15
B21: % Variance vs Consensus | O21: =IFERROR((O9-O15)/O15,"-") | P21: =IFERROR((P9-P15)/P15,"-") | Q21: =IFERROR((Q9-Q15)/Q15,"-") | R21: =IFERROR((R9-R15)/R15,"-") | S21: =IFERROR((S9-S15)/S15,"-") | T21: =IFERROR((T9-T15)/T15,"-") | U21: =IFERROR((U9-U15)/U15,"-") | V21: =IFERROR((V9-V15)/V15,"-") | ... X21: =IFERROR((X9-X15)/X15,"-")
B23: Implied Q+2 Guide | P23: =P9/(1+$C$3)
B24: % YoY | P24: =IFERROR((P23-K9)/K9,"-")
B25: % QoQ | P25: =IFERROR((P23-O9)/O9,"-")
B26: $ YoY | P26: =P23-K9
B27: $ QoQ | P27: =P23-O9
B29: % Variance Guide vs Consensus | P29: =IFERROR((P23-P15)/P15,"-")
B31: Actuals vs Consensus
B32: Actual Revenue | D32: 524.999 | E32: 553.201 | F32: 592.868 | G32: 627.955 | H32: =SUM(D32:G32) | I32: 647.9 | J32: 678.034 | K32: 719.226 | L32: 788.112 | M32: =SUM(I32:L32) | N32: 815.751
B33: Consensus Revenue | D33: 507.6245 | E33: 536.11645 | F33: 567.46468 | G33: 605.5129 | H33: =SUM(D33:G33) | I33: 634.37778 | J33: 666.456 | K33: 706.9434 | L33: 773.28319 | M33: =SUM(I33:L33) | N33: 798.3348
B34: Beat / Miss ($) | D34: =D32-D33 | E34: =E32-E33 | F34: =F32-F33 | G34: =G32-G33 | H34: =H32-H33 | I34: =I32-I33 | J34: =J32-J33 | K34: =K32-K33 | ... N34: =N32-N33
B35: Beat / Miss (%) | D35: =IFERROR((D32-D33)/D33,"-") | E35: =IFERROR((E32-E33)/E33,"-") | F35: =IFERROR((F32-F33)/F33,"-") | G35: =IFERROR((G32-G33)/G33,"-") | H35: =IFERROR((H32-H33)/H33,"-") | I35: =IFERROR((I32-I33)/I33,"-") | J35: =IFERROR((J32-J33)/J33,"-") | K35: =IFERROR((K32-K33)/K33,"-") | ... N35: =IFERROR((N32-N33)/N33,"-")
B37: Trailing 4Q Avg Beat | C37: =AVERAGE(J35,K35,L35,N35)
B38: Trailing 8Q Avg Beat | C38: =AVERAGE(E35,F35,G35,I35,J35,K35,L35,N35)
B39: Selected Beat Cadence | C39: 0.019

Sheet CRWD
B1: CRWD: KIN Base Case Operating Model
B2: USD in Millions Unless Stated Otherwise
B3: Beat Cadence (%) | C3: 0.0094
B4: Beat Window | C4: 4Q
B5: Momentum | C5: STABLE
D7: Q1-24 | E7: Q2-24 | F7: Q3-24 | G7: Q4-24 | H7: FY24 | I7: Q1-25 | J7: Q2-25 | K7: Q3-25 | L7: Q4-25 | M7: FY25 | N7: Q1-26 | O7: Q2-26E | P7: Q3-26E | Q7: Q4-26E | R7: FY26E | S7: Q1-27E | T7: Q2-27E | U7: Q3-27E | V7: Q4-27E | W7: FY27E | X7: Q1-28E
B9: Total Revenue | D9: 845.335 | E9: 921.036 | F9: 963.872 | G9: 1010.178 | H9: =SUM(D9:G9) | I9: 1058.538 | J9: 1103.434 | K9: 1168.952 | L9: 1234.244 | M9: =SUM(I9:L9) | N9: 1305.375 | O9: =N9+O13 | P9: =O9+P13 | Q9: =P9+Q13 | R9: =SUM(N9:Q9) | S9: =Q9+S13 | T9: =S9+T13 | U9: =T9+U13 | V9: =U9+V13 | W9: =SUM(S9:V9) | X9: =V9+X13
B10: % YoY | I10: =IFERROR((I9-D9)/D9,"-") | J10: =IFERROR((J9-E9)/E9,"-") | K10: =IFERROR((K9-F9)/F9,"-") | L10: =IFERROR((L9-G9)/G9,"-") | M10: =IFERROR((M9-H9)/H9,"-") | N10: =IFERROR((N9-I9)/I9,"-") | O10: =IFERROR((O9-J9)/J9,"-") | P10: =IFERROR((P9-K9)/K9,"-") | ... X10: =IFERROR((X9-S9)/S9,"-")
B11: % QoQ | E11: =IFERROR((E9-D9)/D9,"-") | F11: =IFERROR((F9-E9)/E9,"-") | G11: =IFERROR((G9-F9)/F9,"-") | I11: =IFERROR((I9-G9)/G9,"-") | J11: =IFERROR((J9-I9)/I9,"-") | K11: =IFERROR((K9-J9)/J9,"-") | L11: =IFERROR((L9-K9)/K9,"-") | N11: =IFERROR((N9-L9)/L9,"-") | O11: =IFERROR((O9-N9)/N9,"-") | P11: =IFERROR((P9-O9)/O9,"-") | Q11: =IFERROR((Q9-P9)/P9,"-") | S11: =IFERROR((S9-Q9)/Q9,"-") | T11: =IFERROR((T9-S9)/S9,"-") | U11: =IFERROR((U9-T9)/T9,"-") | V11: =IFERROR((V9-U9)/U9,"-") | X11: =IFERROR((X9-V9)/V9,"-")
B12: $ YoY | I12: =I9-D9 | J12: =J9-E9 | K12: =K9-F9 | L12: =L9-G9 | M12: =M9-H9 | N12: =N9-I9 | O12: =O9-J9 | P12: =P9-K9 | ... X12: =X9-S9
B13: $ QoQ | E13: =E9-D9 | F13: =F9-E9 | G13: =G9-F9 | I13: =I9-G9 | J13: =J9-I9 | K13: =K9-J9 | L13: =L9-K9 | N13: =N9-L9 | O13: 61.282937 | P13: 37.309583 | Q13: 68.717921 | S13: 69.098766 | T13: 56.809952 | U13: 65.356153 | V13: 71.808007 | X13: 75.387296
B15: Consensus Total Revenue | O15: 1353.931 | P15: 1434.3226 | Q15: 1511.3142 | S15: 1598.9303 | T15: 1665.5623 | U15: 1744.8207 | V15: 1835.0149 | W15: =SUM(S15:V15) | X15: 1939.2336
B16: % YoY | T16: =IFERROR((T15-O15)/O15,"-") | U16: =IFERROR((U15-P15)/P15,"-") | V16: =IFERROR((V15-Q15)/Q15,"-") | X16: =IFERROR((X15-S15)/S15,"-")
B17: % QoQ | P17: =IFERROR((P15-O15)/O15,"-") | Q17: =IFERROR((Q15-P15)/P15,"-") | S17: =IFERROR((S15-Q15)/Q15,"-") | T17: =IFERROR((T15-S15)/S15,"-") | U17: =IFERROR((U15-T15)/T15,"-") | V17: =IFERROR((V15-U15)/U15,"-") | X17: =IFERROR((X15-V15)/V15,"-")
B18: $ YoY | T18: =T15-O15 | U18: =U15-P15 | V18: =V15-Q15 | X18: =X15-S15
B19: $ QoQ | P19: =P15-O15 | Q19: =Q15-P15 | S19: =S15-Q15 | T19: =T15-S15 | U19: =U15-T15 | V19: =V15-U15 | X19: =X15-V15
B21: % Variance vs Consensus | O21: =IFERROR((O9-O15)/O15,"-") | P21: =IFERROR((P9-P15)/P15,"-") | Q21: =IFERROR((Q9-Q15)/Q15,"-") | R21: =IFERROR((R9-R15)/R15,"-") | S21: =IFERROR((S9-S15)/S15,"-") | T21: =IFERROR((T9-T15)/T15,"-") | U21: =IFERROR((U9-U15)/U15,"-") | V21: =IFERROR((V9-V15)/V15,"-") | ... X21: =IFERROR((X9-X15)/X15,"-")
B23: Implied Q+2 Guide | P23: =P9/(1+$C$3)
B24: % YoY | P24: =IFERROR((P23-K9)/K9,"-")
B25: % QoQ | P25: =IFERROR((P23-O9)/O9,"-")
B26: $ YoY | P26: =P23-K9
B27: $ QoQ | P27: =P23-O9
B29: % Variance Guide vs Consensus | P29: =IFERROR((P23-P15)/P15,"-")
B31: Actuals vs Consensus
B32: Actual Revenue | D32: 845.335 | E32: 921.036 | F32: 963.872 | G32: 1010.178 | H32: =SUM(D32:G32) | I32: 1058.538 | J32: 1103.434 | K32: 1168.952 | L32: 1234.244 | M32: =SUM(I32:L32) | N32: 1305.375
B33: Consensus Revenue | D33: 839.12517 | E33: 904.56287 | F33: 960.02792 | G33: 982.79841 | H33: =SUM(D33:G33) | I33: 1034.8419 | J33: 1104.6408 | K33: 1150.3911 | L33: 1214.2382 | M33: =SUM(I33:L33) | N33: 1297.483
B34: Beat / Miss ($) | D34: =D32-D33 | E34: =E32-E33 | F34: =F32-F33 | G34: =G32-G33 | H34: =H32-H33 | I34: =I32-I33 | J34: =J32-J33 | K34: =K32-K33 | ... N34: =N32-N33
B35: Beat / Miss (%) | D35: =IFERROR((D32-D33)/D33,"-") | E35: =IFERROR((E32-E33)/E33,"-") | F35: =IFERROR((F32-F33)/F33,"-") | G35: =IFERROR((G32-G33)/G33,"-") | H35: =IFERROR((H32-H33)/H33,"-") | I35: =IFERROR((I32-I33)/I33,"-") | J35: =IFERROR((J32-J33)/J33,"-") | K35: =IFERROR((K32-K33)/K33,"-") | ... N35: =IFERROR((N32-N33)/N33,"-")
B37: Trailing 4Q Avg Beat | C37: =AVERAGE(J35,K35,L35,N35)
B38: Trailing 8Q Avg Beat | C38: =AVERAGE(E35,F35,G35,I35,J35,K35,L35,N35)
B39: Selected Beat Cadence | C39: 0.0094

Sheet OKTA
B1: OKTA: KIN Base Case Operating Model
B2: USD in Millions Unless Stated Otherwise
B3: Beat Cadence (%) | C3: 0.0187
B4: Beat Window | C4: 8Q
B5: Momentum | C5: STABLE
D7: Q1-24 | E7: Q2-24 | F7: Q3-24 | G7: Q4-24 | H7: FY24 | I7: Q1-25 | J7: Q2-25 | K7: Q3-25 | L7: Q4-25 | M7: FY25 | N7: Q1-26 | O7: Q2-26E | P7: Q3-26E | Q7: Q4-26E | R7: FY26E | S7: Q1-27E | T7: Q2-27E | U7: Q3-27E | V7: Q4-27E | W7: FY27E | X7: Q1-28E
B9: Total Revenue | D9: 605 | E9: 617 | F9: 646 | G9: 665 | H9: =SUM(D9:G9) | I9: 682 | J9: 688 | K9: 728 | L9: 742 | M9: =SUM(I9:L9) | N9: 761 | O9: =N9+O13 | P9: =O9+P13 | Q9: =P9+Q13 | R9: =SUM(N9:Q9) | S9: =Q9+S13 | T9: =S9+T13 | U9: =T9+U13 | V9: =U9+V13 | W9: =SUM(S9:V9) | X9: =V9+X13
B10: % YoY | I10: =IFERROR((I9-D9)/D9,"-") | J10: =IFERROR((J9-E9)/E9,"-") | K10: =IFERROR((K9-F9)/F9,"-") | L10: =IFERROR((L9-G9)/G9,"-") | M10: =IFERROR((M9-H9)/H9,"-") | N10: =IFERROR((N9-I9)/I9,"-") | O10: =IFERROR((O9-J9)/J9,"-") | P10: =IFERROR((P9-K9)/K9,"-") | ... X10: =IFERROR((X9-S9)/S9,"-")
B11: % QoQ | E11: =IFERROR((E9-D9)/D9,"-") | F11: =IFERROR((F9-E9)/E9,"-") | G11: =IFERROR((G9-F9)/F9,"-") | I11: =IFERROR((I9-G9)/G9,"-") | J11: =IFERROR((J9-I9)/I9,"-") | K11: =IFERROR((K9-J9)/J9,"-") | L11: =IFERROR((L9-K9)/K9,"-") | N11: =IFERROR((N9-L9)/L9,"-") | O11: =IFERROR((O9-N9)/N9,"-") | P11: =IFERROR((P9-O9)/O9,"-") | Q11: =IFERROR((Q9-P9)/P9,"-") | S11: =IFERROR((S9-Q9)/Q9,"-") | T11: =IFERROR((T9-S9)/S9,"-") | U11: =IFERROR((U9-T9)/T9,"-") | V11: =IFERROR((V9-U9)/U9,"-") | X11: =IFERROR((X9-V9)/V9,"-")
B12: $ YoY | I12: =I9-D9 | J12: =J9-E9 | K12: =K9-F9 | L12: =L9-G9 | M12: =M9-H9 | N12: =N9-I9 | O12: =O9-J9 | P12: =P9-K9 | ... X12: =X9-S9
B13: $ QoQ | E13: =E9-D9 | F13: =F9-E9 | G13: =G9-F9 | I13: =I9-G9 | J13: =J9-I9 | K13: =K9-J9 | L13: =L9-K9 | N13: =N9-L9 | O13: 3.346832 | P13: 38.50633 | Q13: 19.471424 | S13: 19.576854 | T13: 12.908986 | U13: 26.644114 | V13: 22.629273 | X13: 22.161635
B15: Consensus Total Revenue | O15: 750.31592 | P15: 793.93894 | Q15: 808.04536 | S15: 832.58641 | T15: 823.78338 | U15: 864.03207 | V15: 879.52556 | W15: =SUM(S15:V15) | X15: 905.04909
B16: % YoY | T16: =IFERROR((T15-O15)/O15,"-") | U16: =IFERROR((U15-P15)/P15,"-") | V16: =IFERROR((V15-Q15)/Q15,"-") | X16: =IFERROR((X15-S15)/S15,"-")
B17: % QoQ | P17: =IFERROR((P15-O15)/O15,"-") | Q17: =IFERROR((Q15-P15)/P15,"-") | S17: =IFERROR((S15-Q15)/Q15,"-") | T17: =IFERROR((T15-S15)/S15,"-") | U17: =IFERROR((U15-T15)/T15,"-") | V17: =IFERROR((V15-U15)/U15,"-") | X17: =IFERROR((X15-V15)/V15,"-")
B18: $ YoY | T18: =T15-O15 | U18: =U15-P15 | V18: =V15-Q15 | X18: =X15-S15
B19: $ QoQ | P19: =P15-O15 | Q19: =Q15-P15 | S19: =S15-Q15 | T19: =T15-S15 | U19: =U15-T15 | V19: =V15-U15 | X19: =X15-V15
B21: % Variance vs Consensus | O21: =IFERROR((O9-O15)/O15,"-") | P21: =IFERROR((P9-P15)/P15,"-") | Q21: =IFERROR((Q9-Q15)/Q15,"-") | R21: =IFERROR((R9-R15)/R15,"-") | S21: =IFERROR((S9-S15)/S15,"-") | T21: =IFERROR((T9-T15)/T15,"-") | U21: =IFERROR((U9-U15)/U15,"-") | V21: =IFERROR((V9-V15)/V15,"-") | ... X21: =IFERROR((X9-X15)/X15,"-")
B23: Implied Q+2 Guide | P23: =P9/(1+$C$3)
B24: % YoY | P24: =IFERROR((P23-K9)/K9,"-")
B25: % QoQ | P25: =IFERROR((P23-O9)/O9,"-")
B26: $ YoY | P26: =P23-K9
B27: $ QoQ | P27: =P23-O9
B29: % Variance Guide vs Consensus | P29: =IFERROR((P23-P15)/P15,"-")
B31: Actuals vs Consensus
B32: Actual Revenue | D32: 605 | E32: 617 | F32: 646 | G32: 665 | H32: =SUM(D32:G32) | I32: 682 | J32: 688 | K32: 728 | L32: 742 | M32: =SUM(I32:L32) | N32: 761
B33: Consensus Revenue | D33: 587.19547 | E33: 604.34791 | F33: 632.60148 | G33: 649.73836 | H33: =SUM(D33:G33) | I33: 668.91497 | J33: 680.27654 | K33: 712.26333 | L33: 730.82176 | M33: =SUM(I33:L33) | N33: 749.5245
B34: Beat / Miss ($) | D34: =D32-D33 | E34: =E32-E33 | F34: =F32-F33 | G34: =G32-G33 | H34: =H32-H33 | I34: =I32-I33 | J34: =J32-J33 | K34: =K32-K33 | ... N34: =N32-N33
B35: Beat / Miss (%) | D35: =IFERROR((D32-D33)/D33,"-") | E35: =IFERROR((E32-E33)/E33,"-") | F35: =IFERROR((F32-F33)/F33,"-") | G35: =IFERROR((G32-G33)/G33,"-") | H35: =IFERROR((H32-H33)/H33,"-") | I35: =IFERROR((I32-I33)/I33,"-") | J35: =IFERROR((J32-J33)/J33,"-") | K35: =IFERROR((K32-K33)/K33,"-") | ... N35: =IFERROR((N32-N33)/N33,"-")
B37: Trailing 4Q Avg Beat | C37: =AVERAGE(J35,K35,L35,N35)
B38: Trailing 8Q Avg Beat | C38: =AVERAGE(E35,F35,G35,I35,J35,K35,L35,N35)
B39: Selected Beat Cadence | C39: 0.0187

Sheet TTD
B1: TTD: KIN Base Case Operating Model
B2: USD in Millions Unless Stated Otherwise
B3: Beat Cadence (%) | C3: 0.0178
B4: Beat Window | C4: 8Q
B5: Momentum | C5: STABLE
D7: Q1-24 | E7: Q2-24 | F7: Q3-24 | G7: Q4-24 | H7: FY24 | I7: Q1-25 | J7: Q2-25 | K7: Q3-25 | L7: Q4-25 | M7: FY25 | N7: Q1-26E | O7: Q2-26E | P7: Q3-26E | Q7: Q4-26E | R7: FY26E | S7: Q1-27E | T7: Q2-27E | U7: Q3-27E | V7: Q4-27E | W7: FY27E
B9: Total Revenue | D9: 491.253 | E9: 584.55 | F9: 628.016 | G9: 741.012 | H9: =SUM(D9:G9) | I9: 616.021 | J9: 694.039 | K9: 739.433 | L9: 846.791 | M9: =SUM(I9:L9) | N9: =L9+N13 | O9: =N9+O13 | P9: =O9+P13 | Q9: =P9+Q13 | R9: =SUM(N9:Q9) | S9: =Q9+S13 | T9: =S9+T13 | U9: =T9+U13 | V9: =U9+V13 | W9: =SUM(S9:V9)
B10: % YoY | I10: =IFERROR((I9-D9)/D9,"-") | J10: =IFERROR((J9-E9)/E9,"-") | K10: =IFERROR((K9-F9)/F9,"-") | L10: =IFERROR((L9-G9)/G9,"-") | M10: =IFERROR((M9-H9)/H9,"-") | N10: =IFERROR((N9-I9)/I9,"-") | O10: =IFERROR((O9-J9)/J9,"-") | P10: =IFERROR((P9-K9)/K9,"-") | ... W10: =IFERROR((W9-R9)/R9,"-")
B11: % QoQ | E11: =IFERROR((E9-D9)/D9,"-") | F11: =IFERROR((F9-E9)/E9,"-") | G11: =IFERROR((G9-F9)/F9,"-") | I11: =IFERROR((I9-G9)/G9,"-") | J11: =IFERROR((J9-I9)/I9,"-") | K11: =IFERROR((K9-J9)/J9,"-") | L11: =IFERROR((L9-K9)/K9,"-") | N11: =IFERROR((N9-L9)/L9,"-") | O11: =IFERROR((O9-N9)/N9,"-") | P11: =IFERROR((P9-O9)/O9,"-") | Q11: =IFERROR((Q9-P9)/P9,"-") | S11: =IFERROR((S9-Q9)/Q9,"-") | T11: =IFERROR((T9-S9)/S9,"-") | U11: =IFERROR((U9-T9)/T9,"-") | V11: =IFERROR((V9-U9)/U9,"-")
B12: $ YoY | I12: =I9-D9 | J12: =J9-E9 | K12: =K9-F9 | L12: =L9-G9 | M12: =M9-H9 | N12: =N9-I9 | O12: =O9-J9 | P12: =P9-K9 | ... W12: =W9-R9
B13: $ QoQ | E13: =E9-D9 | F13: =F9-E9 | G13: =G9-F9 | I13: =I9-G9 | J13: =J9-I9 | K13: =K9-J9 | L13: =L9-K9 | N13: -139.72583 | O13: 86.95004 | P13: 52.032119 | Q13: 84.702631 | S13: -37.219421 | T13: 34.809478 | U13: 42.324274 | V13: 65.266164
B15: Consensus Total Revenue | N15: 694.69951 | O15: 782.68201 | P15: 838.44064 | Q15: 977.66402 | R15: =SUM(N15:Q15) | S15: 782.24096 | T15: 883.40635 | U15: 949.35072 | V15: 1094.219 | W15: =SUM(S15:V15)
B16: % YoY | S16: =IFERROR((S15-N15)/N15,"-") | T16: =IFERROR((T15-O15)/O15,"-") | U16: =IFERROR((U15-P15)/P15,"-") | V16: =IFERROR((V15-Q15)/Q15,"-") | W16: =IFERROR((W15-R15)/R15,"-")
B17: % QoQ | O17: =IFERROR((O15-N15)/N15,"-") | P17: =IFERROR((P15-O15)/O15,"-") | Q17: =IFERROR((Q15-P15)/P15,"-") | S17: =IFERROR((S15-Q15)/Q15,"-") | T17: =IFERROR((T15-S15)/S15,"-") | U17: =IFERROR((U15-T15)/T15,"-") | V17: =IFERROR((V15-U15)/U15,"-")
B18: $ YoY | S18: =S15-N15 | T18: =T15-O15 | U18: =U15-P15 | V18: =V15-Q15 | W18: =W15-R15
B19: $ QoQ | O19: =O15-N15 | P19: =P15-O15 | Q19: =Q15-P15 | S19: =S15-Q15 | T19: =T15-S15 | U19: =U15-T15 | V19: =V15-U15
B21: % Variance vs Consensus | N21: =IFERROR((N9-N15)/N15,"-") | O21: =IFERROR((O9-O15)/O15,"-") | P21: =IFERROR((P9-P15)/P15,"-") | Q21: =IFERROR((Q9-Q15)/Q15,"-") | R21: =IFERROR((R9-R15)/R15,"-") | S21: =IFERROR((S9-S15)/S15,"-") | T21: =IFERROR((T9-T15)/T15,"-") | U21: =IFERROR((U9-U15)/U15,"-") | ... W21: =IFERROR((W9-W15)/W15,"-")
B23: Implied Q+2 Guide | O23: =O9/(1+$C$3)
B24: % YoY | O24: =IFERROR((O23-J9)/J9,"-")
B25: % QoQ | O25: =IFERROR((O23-N9)/N9,"-")
B26: $ YoY | O26: =O23-J9
B27: $ QoQ | O27: =O23-N9
B29: % Variance Guide vs Consensus | O29: =IFERROR((O23-O15)/O15,"-")
B31: Actuals vs Consensus
B32: Actual Revenue | D32: 491.253 | E32: 584.55 | F32: 628.016 | G32: 741.012 | H32: =SUM(D32:G32) | I32: 616.021 | J32: 694.039 | K32: 739.433 | L32: 846.791 | M32: =SUM(I32:L32)
B33: Consensus Revenue | D33: 480.13542 | E33: 578.02963 | F33: 620.16085 | G33: 758.93868 | H33: =SUM(D33:G33) | I33: 575.31173 | J33: 685.46736 | K33: 719.0422 | L33: 840.6347 | M33: =SUM(I33:L33)
B34: Beat / Miss ($) | D34: =D32-D33 | E34: =E32-E33 | F34: =F32-F33 | G34: =G32-G33 | H34: =H32-H33 | I34: =I32-I33 | J34: =J32-J33 | K34: =K32-K33 | ... M34: =M32-M33
B35: Beat / Miss (%) | D35: =IFERROR((D32-D33)/D33,"-") | E35: =IFERROR((E32-E33)/E33,"-") | F35: =IFERROR((F32-F33)/F33,"-") | G35: =IFERROR((G32-G33)/G33,"-") | H35: =IFERROR((H32-H33)/H33,"-") | I35: =IFERROR((I32-I33)/I33,"-") | J35: =IFERROR((J32-J33)/J33,"-") | K35: =IFERROR((K32-K33)/K33,"-") | ... M35: =IFERROR((M32-M33)/M33,"-")
B37: Trailing 4Q Avg Beat | C37: =AVERAGE(I35,J35,K35,L35)
B38: Trailing 8Q Avg Beat | C38: =AVERAGE(D35,E35,F35,G35,I35,J35,K35,L35)
B39: Selected Beat Cadence | C39: 0.0178

Sheet GTLB
B1: GTLB: KIN Base Case Operating Model
B2: USD in Millions Unless Stated Otherwise
B3: Beat Cadence (%) | C3: 0.0277
B4: Beat Window | C4: 8Q
B5: Momentum | C5: STABLE
D7: Q1-24 | E7: Q2-24 | F7: Q3-24 | G7: Q4-24 | H7: FY24 | I7: Q1-25 | J7: Q2-25 | K7: Q3-25 | L7: Q4-25 | M7: FY25 | N7: Q1-26 | O7: Q2-26E | P7: Q3-26E | Q7: Q4-26E | R7: FY26E | S7: Q1-27E | T7: Q2-27E | U7: Q3-27E | V7: Q4-27E | W7: FY27E | X7: Q1-28E
B9: Total Revenue | D9: 163.779 | E9: 169.187 | F9: 182.584 | G9: 196.047 | H9: =SUM(D9:G9) | I9: 211.431 | J9: 214.509 | K9: 235.96 | L9: 244.353 | M9: =SUM(I9:L9) | N9: 262 | O9: =N9+O13 | P9: =O9+P13 | Q9: =P9+Q13 | R9: =SUM(N9:Q9) | S9: =Q9+S13 | T9: =S9+T13 | U9: =T9+U13 | V9: =U9+V13 | W9: =SUM(S9:V9) | X9: =V9+X13
B10: % YoY | I10: =IFERROR((I9-D9)/D9,"-") | J10: =IFERROR((J9-E9)/E9,"-") | K10: =IFERROR((K9-F9)/F9,"-") | L10: =IFERROR((L9-G9)/G9,"-") | M10: =IFERROR((M9-H9)/H9,"-") | N10: =IFERROR((N9-I9)/I9,"-") | O10: =IFERROR((O9-J9)/J9,"-") | P10: =IFERROR((P9-K9)/K9,"-") | ... X10: =IFERROR((X9-S9)/S9,"-")
B11: % QoQ | E11: =IFERROR((E9-D9)/D9,"-") | F11: =IFERROR((F9-E9)/E9,"-") | G11: =IFERROR((G9-F9)/F9,"-") | I11: =IFERROR((I9-G9)/G9,"-") | J11: =IFERROR((J9-I9)/I9,"-") | K11: =IFERROR((K9-J9)/J9,"-") | L11: =IFERROR((L9-K9)/K9,"-") | N11: =IFERROR((N9-L9)/L9,"-") | O11: =IFERROR((O9-N9)/N9,"-") | P11: =IFERROR((P9-O9)/O9,"-") | Q11: =IFERROR((Q9-P9)/P9,"-") | S11: =IFERROR((S9-Q9)/Q9,"-") | T11: =IFERROR((T9-S9)/S9,"-") | U11: =IFERROR((U9-T9)/T9,"-") | V11: =IFERROR((V9-U9)/U9,"-") | X11: =IFERROR((X9-V9)/V9,"-")
B12: $ YoY | I12: =I9-D9 | J12: =J9-E9 | K12: =K9-F9 | L12: =L9-G9 | M12: =M9-H9 | N12: =N9-I9 | O12: =O9-J9 | P12: =P9-K9 | ... X12: =X9-S9
B13: $ QoQ | E13: =E9-D9 | F13: =F9-E9 | G13: =G9-F9 | I13: =I9-G9 | J13: =J9-I9 | K13: =K9-J9 | L13: =L9-K9 | N13: =N9-L9 | O13: -5.904904 | P13: 27.632411 | Q13: 11.436643 | S13: 16.177787 | T13: 9.202346 | U13: 16.36351 | V13: 14.450703 | X13: 16.867612
B15: Consensus Total Revenue | O15: 249.19246 | P15: 274.11183 | Q15: 282.69068 | S15: 300.62281 | T15: 297.1961 | U15: 316.86297 | V15: 327.89852 | W15: =SUM(S15:V15) | X15: 346.84685
B16: % YoY | T16: =IFERROR((T15-O15)/O15,"-") | U16: =IFERROR((U15-P15)/P15,"-") | V16: =IFERROR((V15-Q15)/Q15,"-") | X16: =IFERROR((X15-S15)/S15,"-")
B17: % QoQ | P17: =IFERROR((P15-O15)/O15,"-") | Q17: =IFERROR((Q15-P15)/P15,"-") | S17: =IFERROR((S15-Q15)/Q15,"-") | T17: =IFERROR((T15-S15)/S15,"-") | U17: =IFERROR((U15-T15)/T15,"-") | V17: =IFERROR((V15-U15)/U15,"-") | X17: =IFERROR((X15-V15)/V15,"-")
B18: $ YoY | T18: =T15-O15 | U18: =U15-P15 | V18: =V15-Q15 | X18: =X15-S15
B19: $ QoQ | P19: =P15-O15 | Q19: =Q15-P15 | S19: =S15-Q15 | T19: =T15-S15 | U19: =U15-T15 | V19: =V15-U15 | X19: =X15-V15
B21: % Variance vs Consensus | O21: =IFERROR((O9-O15)/O15,"-") | P21: =IFERROR((P9-P15)/P15,"-") | Q21: =IFERROR((Q9-Q15)/Q15,"-") | R21: =IFERROR((R9-R15)/R15,"-") | S21: =IFERROR((S9-S15)/S15,"-") | T21: =IFERROR((T9-T15)/T15,"-") | U21: =IFERROR((U9-U15)/U15,"-") | V21: =IFERROR((V9-V15)/V15,"-") | ... X21: =IFERROR((X9-X15)/X15,"-")
B23: Implied Q+2 Guide | P23: =P9/(1+$C$3)
B24: % YoY | P24: =IFERROR((P23-K9)/K9,"-")
B25: % QoQ | P25: =IFERROR((P23-O9)/O9,"-")
B26: $ YoY | P26: =P23-K9
B27: $ QoQ | P27: =P23-O9
B29: % Variance Guide vs Consensus | P29: =IFERROR((P23-P15)/P15,"-")
B31: Actuals vs Consensus
B32: Actual Revenue | D32: 163.779 | E32: 169.187 | F32: 182.584 | G32: 196.047 | H32: =SUM(D32:G32) | I32: 211.431 | J32: 214.509 | K32: 235.96 | L32: 244.353 | M32: =SUM(I32:L32) | N32: 262
B33: Consensus Revenue | D33: 165.89 | E33: 165.88896 | F33: 176.85567 | G33: 187.92468 | H33: =SUM(D33:G33) | I33: 206.16519 | J33: 212.96109 | K33: 226.89654 | L33: 239.31869 | M33: =SUM(I33:L33) | N33: 252.2325
B34: Beat / Miss ($) | D34: =D32-D33 | E34: =E32-E33 | F34: =F32-F33 | G34: =G32-G33 | H34: =H32-H33 | I34: =I32-I33 | J34: =J32-J33 | K34: =K32-K33 | ... N34: =N32-N33
B35: Beat / Miss (%) | D35: =IFERROR((D32-D33)/D33,"-") | E35: =IFERROR((E32-E33)/E33,"-") | F35: =IFERROR((F32-F33)/F33,"-") | G35: =IFERROR((G32-G33)/G33,"-") | H35: =IFERROR((H32-H33)/H33,"-") | I35: =IFERROR((I32-I33)/I33,"-") | J35: =IFERROR((J32-J33)/J33,"-") | K35: =IFERROR((K32-K33)/K33,"-") | ... N35: =IFERROR((N32-N33)/N33,"-")
B37: Trailing 4Q Avg Beat | C37: =AVERAGE(J35,K35,L35,N35)
B38: Trailing 8Q Avg Beat | C38: =AVERAGE(E35,F35,G35,I35,J35,K35,L35,N35)
B39: Selected Beat Cadence | C39: 0.0277

Sheet BILL
B1: BILL: KIN Base Case Operating Model
B2: USD in Millions Unless Stated Otherwise
B3: Beat Cadence (%) | C3: 0.008
B4: Beat Window | C4: 8Q
B5: Momentum | C5: STABLE
D7: Q1-24 | E7: Q2-24 | F7: Q3-24 | G7: Q4-24 | H7: FY24 | I7: Q1-25 | J7: Q2-25 | K7: Q3-25 | L7: Q4-25 | M7: FY25 | N7: Q1-26E | O7: Q2-26E | P7: Q3-26E | Q7: Q4-26E | R7: FY26E | S7: Q1-27E | T7: Q2-27E | U7: Q3-27E | V7: Q4-27E | W7: FY27E
B9: Total Revenue | D9: 323.028 | E9: 343.664 | F9: 358.45 | G9: 362.554 | H9: =SUM(D9:G9) | I9: 358.217 | J9: 383.349 | K9: 395.741 | L9: 414.671 | M9: =SUM(I9:L9) | N9: =L9+N13 | O9: =N9+O13 | P9: =O9+P13 | Q9: =P9+Q13 | R9: =SUM(N9:Q9) | S9: =Q9+S13 | T9: =S9+T13 | U9: =T9+U13 | V9: =U9+V13 | W9: =SUM(S9:V9)
B10: % YoY | I10: =IFERROR((I9-D9)/D9,"-") | J10: =IFERROR((J9-E9)/E9,"-") | K10: =IFERROR((K9-F9)/F9,"-") | L10: =IFERROR((L9-G9)/G9,"-") | M10: =IFERROR((M9-H9)/H9,"-") | N10: =IFERROR((N9-I9)/I9,"-") | O10: =IFERROR((O9-J9)/J9,"-") | P10: =IFERROR((P9-K9)/K9,"-") | ... W10: =IFERROR((W9-R9)/R9,"-")
B11: % QoQ | E11: =IFERROR((E9-D9)/D9,"-") | F11: =IFERROR((F9-E9)/E9,"-") | G11: =IFERROR((G9-F9)/F9,"-") | I11: =IFERROR((I9-G9)/G9,"-") | J11: =IFERROR((J9-I9)/I9,"-") | K11: =IFERROR((K9-J9)/J9,"-") | L11: =IFERROR((L9-K9)/K9,"-") | N11: =IFERROR((N9-L9)/L9,"-") | O11: =IFERROR((O9-N9)/N9,"-") | P11: =IFERROR((P9-O9)/O9,"-") | Q11: =IFERROR((Q9-P9)/P9,"-") | S11: =IFERROR((S9-Q9)/Q9,"-") | T11: =IFERROR((T9-S9)/S9,"-") | U11: =IFERROR((U9-T9)/T9,"-") | V11: =IFERROR((V9-U9)/U9,"-")
B12: $ YoY | I12: =I9-D9 | J12: =J9-E9 | K12: =K9-F9 | L12: =L9-G9 | M12: =M9-H9 | N12: =N9-I9 | O12: =O9-J9 | P12: =P9-K9 | ... W12: =W9-R9
B13: $ QoQ | E13: =E9-D9 | F13: =F9-E9 | G13: =G9-F9 | I13: =I9-G9 | J13: =J9-I9 | K13: =K9-J9 | L13: =L9-K9 | N13: -7.962984 | O13: 10.78985 | P13: 14.262187 | Q13: 5.35669 | S13: 3.54166 | T13: 14.752933 | U13: 14.272205 | V13: 10.033726
B15: Consensus Total Revenue | N15: 403.48017 | O15: 429.29157 | P15: 442.43761 | Q15: 461.19212 | R15: =SUM(N15:Q15) | S15: 456.30376 | T15: 485.12707 | U15: 508.03308 | V15: 528.78472 | W15: =SUM(S15:V15)
B16: % YoY | S16: =IFERROR((S15-N15)/N15,"-") | T16: =IFERROR((T15-O15)/O15,"-") | U16: =IFERROR((U15-P15)/P15,"-") | V16: =IFERROR((V15-Q15)/Q15,"-") | W16: =IFERROR((W15-R15)/R15,"-")
B17: % QoQ | O17: =IFERROR((O15-N15)/N15,"-") | P17: =IFERROR((P15-O15)/O15,"-") | Q17: =IFERROR((Q15-P15)/P15,"-") | S17: =IFERROR((S15-Q15)/Q15,"-") | T17: =IFERROR((T15-S15)/S15,"-") | U17: =IFERROR((U15-T15)/T15,"-") | V17: =IFERROR((V15-U15)/U15,"-")
B18: $ YoY | S18: =S15-N15 | T18: =T15-O15 | U18: =U15-P15 | V18: =V15-Q15 | W18: =W15-R15
B19: $ QoQ | O19: =O15-N15 | P19: =P15-O15 | Q19: =Q15-P15 | S19: =S15-Q15 | T19: =T15-S15 | U19: =U15-T15 | V19: =V15-U15
B21: % Variance vs Consensus | N21: =IFERROR((N9-N15)/N15,"-") | O21: =IFERROR((O9-O15)/O15,"-") | P21: =IFERROR((P9-P15)/P15,"-") | Q21: =IFERROR((Q9-Q15)/Q15,"-") | R21: =IFERROR((R9-R15)/R15,"-") | S21: =IFERROR((S9-S15)/S15,"-") | T21: =IFERROR((T9-T15)/T15,"-") | U21: =IFERROR((U9-U15)/U15,"-") | ... W21: =IFERROR((W9-W15)/W15,"-")
B23: Implied Q+2 Guide | O23: =O9/(1+$C$3)
B24: % YoY | O24: =IFERROR((O23-J9)/J9,"-")
B25: % QoQ | O25: =IFERROR((O23-N9)/N9,"-")
B26: $ YoY | O26: =O23-J9
B27: $ QoQ | O27: =O23-N9
B29: % Variance Guide vs Consensus | O29: =IFERROR((O23-O15)/O15,"-")
B31: Actuals vs Consensus
B32: Actual Revenue | D32: 323.028 | E32: 343.664 | F32: 358.45 | G32: 362.554 | H32: =SUM(D32:G32) | I32: 358.217 | J32: 383.349 | K32: 395.741 | L32: 414.671 | M32: =SUM(I32:L32)
B33: Consensus Revenue | D33: 325.39 | E33: 325.78 | F33: 347.00322 | G33: 359.99011 | H33: =SUM(D33:G33) | I33: 375.8939 | J33: 392.61759 | K33: 391.80908 | L33: 399.7759 | M33: =SUM(I33:L33)
B34: Beat / Miss ($) | D34: =D32-D33 | E34: =E32-E33 | F34: =F32-F33 | G34: =G32-G33 | H34: =H32-H33 | I34: =I32-I33 | J34: =J32-J33 | K34: =K32-K33 | ... M34: =M32-M33
B35: Beat / Miss (%) | D35: =IFERROR((D32-D33)/D33,"-") | E35: =IFERROR((E32-E33)/E33,"-") | F35: =IFERROR((F32-F33)/F33,"-") | G35: =IFERROR((G32-G33)/G33,"-") | H35: =IFERROR((H32-H33)/H33,"-") | I35: =IFERROR((I32-I33)/I33,"-") | J35: =IFERROR((J32-J33)/J33,"-") | K35: =IFERROR((K32-K33)/K33,"-") | ... M35: =IFERROR((M32-M33)/M33,"-")
B37: Trailing 4Q Avg Beat | C37: =AVERAGE(I35,J35,K35,L35)
B38: Trailing 8Q Avg Beat | C38: =AVERAGE(D35,E35,F35,G35,I35,J35,K35,L35)
B39: Selected Beat Cadence | C39: 0.008

Sheet MNDY
B1: MNDY: KIN Base Case Operating Model
B2: USD in Millions Unless Stated Otherwise
B3: Beat Cadence (%) | C3: 0.0166
B4: Beat Window | C4: 4Q
B5: Momentum | C5: STABLE
D7: Q1-24 | E7: Q2-24 | F7: Q3-24 | G7: Q4-24 | H7: FY24 | I7: Q1-25 | J7: Q2-25 | K7: Q3-25 | L7: Q4-25 | M7: FY25 | N7: Q1-26E | O7: Q2-26E | P7: Q3-26E | Q7: Q4-26E | R7: FY26E | S7: Q1-27E | T7: Q2-27E | U7: Q3-27E | V7: Q4-27E | W7: FY27E
B9: Total Revenue | D9: 216.913 | E9: 236.106 | F9: 251 | G9: 267.976 | H9: =SUM(D9:G9) | I9: 282.25 | J9: 299.014 | K9: 316.855 | L9: 333.878 | M9: =SUM(I9:L9) | N9: =L9+N13 | O9: =N9+O13 | P9: =O9+P13 | Q9: =P9+Q13 | R9: =SUM(N9:Q9) | S9: =Q9+S13 | T9: =S9+T13 | U9: =T9+U13 | V9: =U9+V13 | W9: =SUM(S9:V9)
B10: % YoY | I10: =IFERROR((I9-D9)/D9,"-") | J10: =IFERROR((J9-E9)/E9,"-") | K10: =IFERROR((K9-F9)/F9,"-") | L10: =IFERROR((L9-G9)/G9,"-") | M10: =IFERROR((M9-H9)/H9,"-") | N10: =IFERROR((N9-I9)/I9,"-") | O10: =IFERROR((O9-J9)/J9,"-") | P10: =IFERROR((P9-K9)/K9,"-") | ... W10: =IFERROR((W9-R9)/R9,"-")
B11: % QoQ | E11: =IFERROR((E9-D9)/D9,"-") | F11: =IFERROR((F9-E9)/E9,"-") | G11: =IFERROR((G9-F9)/F9,"-") | I11: =IFERROR((I9-G9)/G9,"-") | J11: =IFERROR((J9-I9)/I9,"-") | K11: =IFERROR((K9-J9)/J9,"-") | L11: =IFERROR((L9-K9)/K9,"-") | N11: =IFERROR((N9-L9)/L9,"-") | O11: =IFERROR((O9-N9)/N9,"-") | P11: =IFERROR((P9-O9)/O9,"-") | Q11: =IFERROR((Q9-P9)/P9,"-") | S11: =IFERROR((S9-Q9)/Q9,"-") | T11: =IFERROR((T9-S9)/S9,"-") | U11: =IFERROR((U9-T9)/T9,"-") | V11: =IFERROR((V9-U9)/U9,"-")
B12: $ YoY | I12: =I9-D9 | J12: =J9-E9 | K12: =K9-F9 | L12: =L9-G9 | M12: =M9-H9 | N12: =N9-I9 | O12: =O9-J9 | P12: =P9-K9 | ... W12: =W9-R9
B13: $ QoQ | E13: =E9-D9 | F13: =F9-E9 | G13: =G9-F9 | I13: =I9-G9 | J13: =J9-I9 | K13: =K9-J9 | L13: =L9-K9 | N13: 5.724763 | O13: 25.885969 | P13: 18.321188 | Q13: 18.72096 | S13: 17.42277 | T13: 19.46248 | U13: 20.460788 | V13: 21.413433
B15: Consensus Total Revenue | N15: 334.05741 | O15: 353.89847 | P15: 373.04996 | Q15: 391.49816 | R15: =SUM(N15:Q15) | S15: 397.34282 | T15: 412.88224 | U15: 433.55781 | V15: 453.44786 | W15: =SUM(S15:V15)
B16: % YoY | S16: =IFERROR((S15-N15)/N15,"-") | T16: =IFERROR((T15-O15)/O15,"-") | U16: =IFERROR((U15-P15)/P15,"-") | V16: =IFERROR((V15-Q15)/Q15,"-") | W16: =IFERROR((W15-R15)/R15,"-")
B17: % QoQ | O17: =IFERROR((O15-N15)/N15,"-") | P17: =IFERROR((P15-O15)/O15,"-") | Q17: =IFERROR((Q15-P15)/P15,"-") | S17: =IFERROR((S15-Q15)/Q15,"-") | T17: =IFERROR((T15-S15)/S15,"-") | U17: =IFERROR((U15-T15)/T15,"-") | V17: =IFERROR((V15-U15)/U15,"-")
B18: $ YoY | S18: =S15-N15 | T18: =T15-O15 | U18: =U15-P15 | V18: =V15-Q15 | W18: =W15-R15
B19: $ QoQ | O19: =O15-N15 | P19: =P15-O15 | Q19: =Q15-P15 | S19: =S15-Q15 | T19: =T15-S15 | U19: =U15-T15 | V19: =V15-U15
B21: % Variance vs Consensus | N21: =IFERROR((N9-N15)/N15,"-") | O21: =IFERROR((O9-O15)/O15,"-") | P21: =IFERROR((P9-P15)/P15,"-") | Q21: =IFERROR((Q9-Q15)/Q15,"-") | R21: =IFERROR((R9-R15)/R15,"-") | S21: =IFERROR((S9-S15)/S15,"-") | T21: =IFERROR((T9-T15)/T15,"-") | U21: =IFERROR((U9-U15)/U15,"-") | ... W21: =IFERROR((W9-W15)/W15,"-")
B23: Implied Q+2 Guide | O23: =O9/(1+$C$3)
B24: % YoY | O24: =IFERROR((O23-J9)/J9,"-")
B25: % QoQ | O25: =IFERROR((O23-N9)/N9,"-")
B26: $ YoY | O26: =O23-J9
B27: $ QoQ | O27: =O23-N9
B29: % Variance Guide vs Consensus | O29: =IFERROR((O23-O15)/O15,"-")
B31: Actuals vs Consensus
B32: Actual Revenue | D32: 216.913 | E32: 236.106 | F32: 251 | G32: 267.976 | H32: =SUM(D32:G32) | I32: 282.25 | J32: 299.014 | K32: 316.855 | L32: 333.878 | M32: =SUM(I32:L32)
B33: Consensus Revenue | D33: 210.54535 | E33: 229.03111 | F33: 261.28 | G33: 275.57559 | H33: =SUM(D33:G33) | I33: 275.84098 | J33: 293.56121 | K33: 313.17703 | L33: 329.6657 | M33: =SUM(I33:L33)
B34: Beat / Miss ($) | D34: =D32-D33 | E34: =E32-E33 | F34: =F32-F33 | G34: =G32-G33 | H34: =H32-H33 | I34: =I32-I33 | J34: =J32-J33 | K34: =K32-K33 | ... M34: =M32-M33
B35: Beat / Miss (%) | D35: =IFERROR((D32-D33)/D33,"-") | E35: =IFERROR((E32-E33)/E33,"-") | F35: =IFERROR((F32-F33)/F33,"-") | G35: =IFERROR((G32-G33)/G33,"-") | H35: =IFERROR((H32-H33)/H33,"-") | I35: =IFERROR((I32-I33)/I33,"-") | J35: =IFERROR((J32-J33)/J33,"-") | K35: =IFERROR((K32-K33)/K33,"-") | ... M35: =IFERROR((M32-M33)/M33,"-")
B37: Trailing 4Q Avg Beat | C37: =AVERAGE(I35,J35,K35,L35)
B38: Trailing 8Q Avg Beat | C38: =AVERAGE(D35,E35,F35,G35,I35,J35,K35,L35)
B39: Selected Beat Cadence | C39: 0.0166

Sheet CFLT
B1: CFLT: KIN Base Case Operating Model
B2: USD in Millions Unless Stated Otherwise
B3: Beat Cadence (%) | C3: 0.0026
B4: Beat Window | C4: 8Q
B5: Momentum | C5: ACCELERATING
D7: Q1-24 | E7: Q2-24 | F7: Q3-24 | G7: Q4-24 | H7: FY24 | I7: Q1-25 | J7: Q2-25 | K7: Q3-25 | L7: Q4-25 | M7: FY25 | N7: Q1-26E | O7: Q2-26E | P7: Q3-26E | Q7: Q4-26E | R7: FY26E | S7: Q1-27E | T7: Q2-27E | U7: Q3-27E | V7: Q4-27E | W7: FY27E
B9: Total Revenue | D9: 217.237 | E9: 234.986 | F9: 250.199 | G9: 261.22 | H9: =SUM(D9:G9) | I9: 271.12 | J9: 282.285 | K9: 298.524 | L9: 314.819 | M9: =SUM(I9:L9) | N9: =L9+N13 | O9: =N9+O13 | P9: =O9+P13 | Q9: =P9+Q13 | R9: =SUM(N9:Q9) | S9: =Q9+S13 | T9: =S9+T13 | U9: =T9+U13 | V9: =U9+V13 | W9: =SUM(S9:V9)
B10: % YoY | I10: =IFERROR((I9-D9)/D9,"-") | J10: =IFERROR((J9-E9)/E9,"-") | K10: =IFERROR((K9-F9)/F9,"-") | L10: =IFERROR((L9-G9)/G9,"-") | M10: =IFERROR((M9-H9)/H9,"-") | N10: =IFERROR((N9-I9)/I9,"-") | O10: =IFERROR((O9-J9)/J9,"-") | P10: =IFERROR((P9-K9)/K9,"-") | ... W10: =IFERROR((W9-R9)/R9,"-")
B11: % QoQ | E11: =IFERROR((E9-D9)/D9,"-") | F11: =IFERROR((F9-E9)/E9,"-") | G11: =IFERROR((G9-F9)/F9,"-") | I11: =IFERROR((I9-G9)/G9,"-") | J11: =IFERROR((J9-I9)/I9,"-") | K11: =IFERROR((K9-J9)/J9,"-") | L11: =IFERROR((L9-K9)/K9,"-") | N11: =IFERROR((N9-L9)/L9,"-") | O11: =IFERROR((O9-N9)/N9,"-") | P11: =IFERROR((P9-O9)/O9,"-") | Q11: =IFERROR((Q9-P9)/P9,"-") | S11: =IFERROR((S9-Q9)/Q9,"-") | T11: =IFERROR((T9-S9)/S9,"-") | U11: =IFERROR((U9-T9)/T9,"-") | V11: =IFERROR((V9-U9)/U9,"-")
B12: $ YoY | I12: =I9-D9 | J12: =J9-E9 | K12: =K9-F9 | L12: =L9-G9 | M12: =M9-H9 | N12: =N9-I9 | O12: =O9-J9 | P12: =P9-K9 | ... W12: =W9-R9
B13: $ QoQ | E13: =E9-D9 | F13: =F9-E9 | G13: =G9-F9 | I13: =I9-G9 | J13: =J9-I9 | K13: =K9-J9 | L13: =L9-K9 | N13: 2.912503 | O13: 15.94158 | P13: 15.988584 | Q13: 15.169473 | S13: 12.069369 | T13: 13.212169 | U13: 15.659696 | V13: 16.23443
B15: Consensus Total Revenue | N15: 316.90754 | O15: 329.95812 | P15: 348.93961 | Q15: 364.9943 | R15: =SUM(N15:Q15) | S15: 372.11276 | T15: 386.89598 | U15: 404.26286 | V15: 420.83183 | W15: =SUM(S15:V15)
B16: % YoY | S16: =IFERROR((S15-N15)/N15,"-") | T16: =IFERROR((T15-O15)/O15,"-") | U16: =IFERROR((U15-P15)/P15,"-") | V16: =IFERROR((V15-Q15)/Q15,"-") | W16: =IFERROR((W15-R15)/R15,"-")
B17: % QoQ | O17: =IFERROR((O15-N15)/N15,"-") | P17: =IFERROR((P15-O15)/O15,"-") | Q17: =IFERROR((Q15-P15)/P15,"-") | S17: =IFERROR((S15-Q15)/Q15,"-") | T17: =IFERROR((T15-S15)/S15,"-") | U17: =IFERROR((U15-T15)/T15,"-") | V17: =IFERROR((V15-U15)/U15,"-")
B18: $ YoY | S18: =S15-N15 | T18: =T15-O15 | U18: =U15-P15 | V18: =V15-Q15 | W18: =W15-R15
B19: $ QoQ | O19: =O15-N15 | P19: =P15-O15 | Q19: =Q15-P15 | S19: =S15-Q15 | T19: =T15-S15 | U19: =U15-T15 | V19: =V15-U15
B21: % Variance vs Consensus | N21: =IFERROR((N9-N15)/N15,"-") | O21: =IFERROR((O9-O15)/O15,"-") | P21: =IFERROR((P9-P15)/P15,"-") | Q21: =IFERROR((Q9-Q15)/Q15,"-") | R21: =IFERROR((R9-R15)/R15,"-") | S21: =IFERROR((S9-S15)/S15,"-") | T21: =IFERROR((T9-T15)/T15,"-") | U21: =IFERROR((U9-U15)/U15,"-") | ... W21: =IFERROR((W9-W15)/W15,"-")
B23: Implied Q+2 Guide | O23: =O9/(1+$C$3)
B24: % YoY | O24: =IFERROR((O23-J9)/J9,"-")
B25: % QoQ | O25: =IFERROR((O23-N9)/N9,"-")
B26: $ YoY | O26: =O23-J9
B27: $ QoQ | O27: =O23-N9
B29: % Variance Guide vs Consensus | O29: =IFERROR((O23-O15)/O15,"-")
B31: Actuals vs Consensus
B32: Actual Revenue | D32: 217.237 | E32: 234.986 | F32: 250.199 | G32: 261.22 | H32: =SUM(D32:G32) | I32: 271.12 | J32: 282.285 | K32: 298.524 | L32: 314.819 | M32: =SUM(I32:L32)
B33: Consensus Revenue | D33: 211.58814 | E33: 230.02 | F33: 256.8 | G33: 256.8794 | H33: =SUM(D33:G33) | I33: 264.39168 | J33: 292.70726 | K33: 308.04953 | L33: 308.034 | M33: =SUM(I33:L33)
B34: Beat / Miss ($) | D34: =D32-D33 | E34: =E32-E33 | F34: =F32-F33 | G34: =G32-G33 | H34: =H32-H33 | I34: =I32-I33 | J34: =J32-J33 | K34: =K32-K33 | ... M34: =M32-M33
B35: Beat / Miss (%) | D35: =IFERROR((D32-D33)/D33,"-") | E35: =IFERROR((E32-E33)/E33,"-") | F35: =IFERROR((F32-F33)/F33,"-") | G35: =IFERROR((G32-G33)/G33,"-") | H35: =IFERROR((H32-H33)/H33,"-") | I35: =IFERROR((I32-I33)/I33,"-") | J35: =IFERROR((J32-J33)/J33,"-") | K35: =IFERROR((K32-K33)/K33,"-") | ... M35: =IFERROR((M32-M33)/M33,"-")
B37: Trailing 4Q Avg Beat | C37: =AVERAGE(I35,J35,K35,L35)
B38: Trailing 8Q Avg Beat | C38: =AVERAGE(D35,E35,F35,G35,I35,J35,K35,L35)
B39: Selected Beat Cadence | C39: 0.0026

Sheet ESTC
B1: ESTC: KIN Base Case Operating Model
B2: USD in Millions Unless Stated Otherwise
B3: Beat Cadence (%) | C3: 0.0244
B4: Beat Window | C4: 8Q
B5: Momentum | C5: STABLE
D7: Q1-24 | E7: Q2-24 | F7: Q3-24 | G7: Q4-24 | H7: FY24 | I7: Q1-25 | J7: Q2-25 | K7: Q3-25 | L7: Q4-25 | M7: FY25 | N7: Q1-26 | O7: Q2-26E | P7: Q3-26E | Q7: Q4-26E | R7: FY26E | S7: Q1-27E | T7: Q2-27E | U7: Q3-27E | V7: Q4-27E | W7: FY27E | X7: Q1-28E
B9: Total Revenue | D9: 327.957 | E9: 334.999 | F9: 347.42 | G9: 365.361 | H9: =SUM(D9:G9) | I9: 382.083 | J9: 388.432 | K9: 415.288 | L9: 423.481 | M9: =SUM(I9:L9) | N9: 449.881 | O9: =N9+O13 | P9: =O9+P13 | Q9: =P9+Q13 | R9: =SUM(N9:Q9) | S9: =Q9+S13 | T9: =S9+T13 | U9: =T9+U13 | V9: =U9+V13 | W9: =SUM(S9:V9) | X9: =V9+X13
B10: % YoY | I10: =IFERROR((I9-D9)/D9,"-") | J10: =IFERROR((J9-E9)/E9,"-") | K10: =IFERROR((K9-F9)/F9,"-") | L10: =IFERROR((L9-G9)/G9,"-") | M10: =IFERROR((M9-H9)/H9,"-") | N10: =IFERROR((N9-I9)/I9,"-") | O10: =IFERROR((O9-J9)/J9,"-") | P10: =IFERROR((P9-K9)/K9,"-") | ... X10: =IFERROR((X9-S9)/S9,"-")
B11: % QoQ | E11: =IFERROR((E9-D9)/D9,"-") | F11: =IFERROR((F9-E9)/E9,"-") | G11: =IFERROR((G9-F9)/F9,"-") | I11: =IFERROR((I9-G9)/G9,"-") | J11: =IFERROR((J9-I9)/I9,"-") | K11: =IFERROR((K9-J9)/J9,"-") | L11: =IFERROR((L9-K9)/K9,"-") | N11: =IFERROR((N9-L9)/L9,"-") | O11: =IFERROR((O9-N9)/N9,"-") | P11: =IFERROR((P9-O9)/O9,"-") | Q11: =IFERROR((Q9-P9)/P9,"-") | S11: =IFERROR((S9-Q9)/Q9,"-") | T11: =IFERROR((T9-S9)/S9,"-") | U11: =IFERROR((U9-T9)/T9,"-") | V11: =IFERROR((V9-U9)/U9,"-") | X11: =IFERROR((X9-V9)/V9,"-")
B12: $ YoY | I12: =I9-D9 | J12: =J9-E9 | K12: =K9-F9 | L12: =L9-G9 | M12: =M9-H9 | N12: =N9-I9 | O12: =O9-J9 | P12: =P9-K9 | ... X12: =X9-S9
B13: $ QoQ | E13: =E9-D9 | F13: =F9-E9 | G13: =G9-F9 | I13: =I9-G9 | J13: =J9-I9 | K13: =K9-J9 | L13: =L9-K9 | N13: =N9-L9 | O13: 7.505888 | P13: 15.303157 | Q13: 11.658027 | S13: 22.128274 | T13: 9.326983 | U13: 18.904653 | V13: 15.377153 | X13: 20.332685
B15: Consensus Total Revenue | O15: 446.49247 | P15: 468.96587 | Q15: 482.51966 | S15: 507.42971 | T15: 509.49664 | U15: 533.98803 | V15: 550.22667 | W15: =SUM(S15:V15) | X15: 577.62308
B16: % YoY | T16: =IFERROR((T15-O15)/O15,"-") | U16: =IFERROR((U15-P15)/P15,"-") | V16: =IFERROR((V15-Q15)/Q15,"-") | X16: =IFERROR((X15-S15)/S15,"-")
B17: % QoQ | P17: =IFERROR((P15-O15)/O15,"-") | Q17: =IFERROR((Q15-P15)/P15,"-") | S17: =IFERROR((S15-Q15)/Q15,"-") | T17: =IFERROR((T15-S15)/S15,"-") | U17: =IFERROR((U15-T15)/T15,"-") | V17: =IFERROR((V15-U15)/U15,"-") | X17: =IFERROR((X15-V15)/V15,"-")
B18: $ YoY | T18: =T15-O15 | U18: =U15-P15 | V18: =V15-Q15 | X18: =X15-S15
B19: $ QoQ | P19: =P15-O15 | Q19: =Q15-P15 | S19: =S15-Q15 | T19: =T15-S15 | U19: =U15-T15 | V19: =V15-U15 | X19: =X15-V15
B21: % Variance vs Consensus | O21: =IFERROR((O9-O15)/O15,"-") | P21: =IFERROR((P9-P15)/P15,"-") | Q21: =IFERROR((Q9-Q15)/Q15,"-") | R21: =IFERROR((R9-R15)/R15,"-") | S21: =IFERROR((S9-S15)/S15,"-") | T21: =IFERROR((T9-T15)/T15,"-") | U21: =IFERROR((U9-U15)/U15,"-") | V21: =IFERROR((V9-V15)/V15,"-") | ... X21: =IFERROR((X9-X15)/X15,"-")
B23: Implied Q+2 Guide | P23: =P9/(1+$C$3)
B24: % YoY | P24: =IFERROR((P23-K9)/K9,"-")
B25: % QoQ | P25: =IFERROR((P23-O9)/O9,"-")
B26: $ YoY | P26: =P23-K9
B27: $ QoQ | P27: =P23-O9
B29: % Variance Guide vs Consensus | P29: =IFERROR((P23-P15)/P15,"-")
B31: Actuals vs Consensus
B32: Actual Revenue | D32: 327.957 | E32: 334.999 | F32: 347.42 | G32: 365.361 | H32: =SUM(D32:G32) | I32: 382.083 | J32: 388.432 | K32: 415.288 | L32: 423.481 | M32: =SUM(I32:L32) | N32: 449.881
B33: Consensus Revenue | D33: 323.14 | E33: 329.59495 | F33: 344.80196 | G33: 354.29179 | H33: =SUM(D33:G33) | I33: 369.04047 | J33: 380.35708 | K33: 397.15818 | L33: 418.42972 | M33: =SUM(I33:L33) | N33: 438.4494
B34: Beat / Miss ($) | D34: =D32-D33 | E34: =E32-E33 | F34: =F32-F33 | G34: =G32-G33 | H34: =H32-H33 | I34: =I32-I33 | J34: =J32-J33 | K34: =K32-K33 | ... N34: =N32-N33
B35: Beat / Miss (%) | D35: =IFERROR((D32-D33)/D33,"-") | E35: =IFERROR((E32-E33)/E33,"-") | F35: =IFERROR((F32-F33)/F33,"-") | G35: =IFERROR((G32-G33)/G33,"-") | H35: =IFERROR((H32-H33)/H33,"-") | I35: =IFERROR((I32-I33)/I33,"-") | J35: =IFERROR((J32-J33)/J33,"-") | K35: =IFERROR((K32-K33)/K33,"-") | ... N35: =IFERROR((N32-N33)/N33,"-")
B37: Trailing 4Q Avg Beat | C37: =AVERAGE(J35,K35,L35,N35)
B38: Trailing 8Q Avg Beat | C38: =AVERAGE(E35,F35,G35,I35,J35,K35,L35,N35)
B39: Selected Beat Cadence | C39: 0.0244

Sheet FROG
B1: FROG: KIN Base Case Operating Model
B2: USD in Millions Unless Stated Otherwise
B3: Beat Cadence (%) | C3: 0.0386
B4: Beat Window | C4: 4Q
B5: Momentum | C5: STABLE
D7: Q1-24 | E7: Q2-24 | F7: Q3-24 | G7: Q4-24 | H7: FY24 | I7: Q1-25 | J7: Q2-25 | K7: Q3-25 | L7: Q4-25 | M7: FY25 | N7: Q1-26E | O7: Q2-26E | P7: Q3-26E | Q7: Q4-26E | R7: FY26E | S7: Q1-27E | T7: Q2-27E | U7: Q3-27E | V7: Q4-27E | W7: FY27E
B9: Total Revenue | D9: 100.311 | E9: 103.043 | F9: 109.056 | G9: 116.078 | H9: =SUM(D9:G9) | I9: 122.407 | J9: 127.22 | K9: 136.907 | L9: 145.306 | M9: =SUM(I9:L9) | N9: =L9+N13 | O9: =N9+O13 | P9: =O9+P13 | Q9: =P9+Q13 | R9: =SUM(N9:Q9) | S9: =Q9+S13 | T9: =S9+T13 | U9: =T9+U13 | V9: =U9+V13 | W9: =SUM(S9:V9)
B10: % YoY | I10: =IFERROR((I9-D9)/D9,"-") | J10: =IFERROR((J9-E9)/E9,"-") | K10: =IFERROR((K9-F9)/F9,"-") | L10: =IFERROR((L9-G9)/G9,"-") | M10: =IFERROR((M9-H9)/H9,"-") | N10: =IFERROR((N9-I9)/I9,"-") | O10: =IFERROR((O9-J9)/J9,"-") | P10: =IFERROR((P9-K9)/K9,"-") | ... W10: =IFERROR((W9-R9)/R9,"-")
B11: % QoQ | E11: =IFERROR((E9-D9)/D9,"-") | F11: =IFERROR((F9-E9)/E9,"-") | G11: =IFERROR((G9-F9)/F9,"-") | I11: =IFERROR((I9-G9)/G9,"-") | J11: =IFERROR((J9-I9)/I9,"-") | K11: =IFERROR((K9-J9)/J9,"-") | L11: =IFERROR((L9-K9)/K9,"-") | N11: =IFERROR((N9-L9)/L9,"-") | O11: =IFERROR((O9-N9)/N9,"-") | P11: =IFERROR((P9-O9)/O9,"-") | Q11: =IFERROR((Q9-P9)/P9,"-") | S11: =IFERROR((S9-Q9)/Q9,"-") | T11: =IFERROR((T9-S9)/S9,"-") | U11: =IFERROR((U9-T9)/T9,"-") | V11: =IFERROR((V9-U9)/U9,"-")
B12: $ YoY | I12: =I9-D9 | J12: =J9-E9 | K12: =K9-F9 | L12: =L9-G9 | M12: =M9-H9 | N12: =N9-I9 | O12: =O9-J9 | P12: =P9-K9 | ... W12: =W9-R9
B13: $ QoQ | E13: =E9-D9 | F13: =F9-E9 | G13: =G9-F9 | I13: =I9-G9 | J13: =J9-I9 | K13: =K9-J9 | L13: =L9-K9 | N13: 4.746253 | O13: 1.58046 | P13: 8.803657 | Q13: 8.396705 | S13: 4.961953 | T13: 5.481892 | U13: 7.746276 | V13: 8.354964
B15: Consensus Total Revenue | N15: 144.4755 | O15: 150.15623 | P15: 160.24944 | Q15: 168.46068 | R15: =SUM(N15:Q15) | S15: 172.50894 | T15: 177.63713 | U15: 187.35004 | V15: 196.51027 | W15: =SUM(S15:V15)
B16: % YoY | S16: =IFERROR((S15-N15)/N15,"-") | T16: =IFERROR((T15-O15)/O15,"-") | U16: =IFERROR((U15-P15)/P15,"-") | V16: =IFERROR((V15-Q15)/Q15,"-") | W16: =IFERROR((W15-R15)/R15,"-")
B17: % QoQ | O17: =IFERROR((O15-N15)/N15,"-") | P17: =IFERROR((P15-O15)/O15,"-") | Q17: =IFERROR((Q15-P15)/P15,"-") | S17: =IFERROR((S15-Q15)/Q15,"-") | T17: =IFERROR((T15-S15)/S15,"-") | U17: =IFERROR((U15-T15)/T15,"-") | V17: =IFERROR((V15-U15)/U15,"-")
B18: $ YoY | S18: =S15-N15 | T18: =T15-O15 | U18: =U15-P15 | V18: =V15-Q15 | W18: =W15-R15
B19: $ QoQ | O19: =O15-N15 | P19: =P15-O15 | Q19: =Q15-P15 | S19: =S15-Q15 | T19: =T15-S15 | U19: =U15-T15 | V19: =V15-U15
B21: % Variance vs Consensus | N21: =IFERROR((N9-N15)/N15,"-") | O21: =IFERROR((O9-O15)/O15,"-") | P21: =IFERROR((P9-P15)/P15,"-") | Q21: =IFERROR((Q9-Q15)/Q15,"-") | R21: =IFERROR((R9-R15)/R15,"-") | S21: =IFERROR((S9-S15)/S15,"-") | T21: =IFERROR((T9-T15)/T15,"-") | U21: =IFERROR((U9-U15)/U15,"-") | ... W21: =IFERROR((W9-W15)/W15,"-")
B23: Implied Q+2 Guide | O23: =O9/(1+$C$3)
B24: % YoY | O24: =IFERROR((O23-J9)/J9,"-")
B25: % QoQ | O25: =IFERROR((O23-N9)/N9,"-")
B26: $ YoY | O26: =O23-J9
B27: $ QoQ | O27: =O23-N9
B29: % Variance Guide vs Consensus | O29: =IFERROR((O23-O15)/O15,"-")
B31: Actuals vs Consensus
B32: Actual Revenue | D32: 100.311 | E32: 103.043 | F32: 109.056 | G32: 116.078 | H32: =SUM(D32:G32) | I32: 122.407 | J32: 127.22 | K32: 136.907 | L32: 145.306 | M32: =SUM(I32:L32)
B33: Consensus Revenue | D33: 98.66 | E33: 103.58 | F33: 114.19 | G33: 114.23509 | H33: =SUM(D33:G33) | I33: 117.41025 | J33: 128.15427 | K33: 128.34589 | L33: 138.0902 | M33: =SUM(I33:L33)
B34: Beat / Miss ($) | D34: =D32-D33 | E34: =E32-E33 | F34: =F32-F33 | G34: =G32-G33 | H34: =H32-H33 | I34: =I32-I33 | J34: =J32-J33 | K34: =K32-K33 | ... M34: =M32-M33
B35: Beat / Miss (%) | D35: =IFERROR((D32-D33)/D33,"-") | E35: =IFERROR((E32-E33)/E33,"-") | F35: =IFERROR((F32-F33)/F33,"-") | G35: =IFERROR((G32-G33)/G33,"-") | H35: =IFERROR((H32-H33)/H33,"-") | I35: =IFERROR((I32-I33)/I33,"-") | J35: =IFERROR((J32-J33)/J33,"-") | K35: =IFERROR((K32-K33)/K33,"-") | ... M35: =IFERROR((M32-M33)/M33,"-")
B37: Trailing 4Q Avg Beat | C37: =AVERAGE(I35,J35,K35,L35)
B38: Trailing 8Q Avg Beat | C38: =AVERAGE(D35,E35,F35,G35,I35,J35,K35,L35)
B39: Selected Beat Cadence | C39: 0.0386

Sheet S
B1: S: KIN Base Case Operating Model
B2: USD in Millions Unless Stated Otherwise
B3: Beat Cadence (%) | C3: -0.0052
B4: Beat Window | C4: 8Q
B5: Momentum | C5: STABLE
D7: Q1-24 | E7: Q2-24 | F7: Q3-24 | G7: Q4-24 | H7: FY24 | I7: Q1-25 | J7: Q2-25 | K7: Q3-25 | L7: Q4-25 | M7: FY25 | N7: Q1-26 | O7: Q2-26E | P7: Q3-26E | Q7: Q4-26E | R7: FY26E | S7: Q1-27E | T7: Q2-27E | U7: Q3-27E | V7: Q4-27E | W7: FY27E | X7: Q1-28E
B9: Total Revenue | D9: 174.175 | E9: 186.355 | F9: 198.937 | G9: 210.648 | H9: =SUM(D9:G9) | I9: 225.521 | J9: 229.029 | K9: 242.183 | L9: 258.913 | M9: =SUM(I9:L9) | N9: 271.153 | O9: =N9+O13 | P9: =O9+P13 | Q9: =P9+Q13 | R9: =SUM(N9:Q9) | S9: =Q9+S13 | T9: =S9+T13 | U9: =T9+U13 | V9: =U9+V13 | W9: =SUM(S9:V9) | X9: =V9+X13
B10: % YoY | I10: =IFERROR((I9-D9)/D9,"-") | J10: =IFERROR((J9-E9)/E9,"-") | K10: =IFERROR((K9-F9)/F9,"-") | L10: =IFERROR((L9-G9)/G9,"-") | M10: =IFERROR((M9-H9)/H9,"-") | N10: =IFERROR((N9-I9)/I9,"-") | O10: =IFERROR((O9-J9)/J9,"-") | P10: =IFERROR((P9-K9)/K9,"-") | ... X10: =IFERROR((X9-S9)/S9,"-")
B11: % QoQ | E11: =IFERROR((E9-D9)/D9,"-") | F11: =IFERROR((F9-E9)/E9,"-") | G11: =IFERROR((G9-F9)/F9,"-") | I11: =IFERROR((I9-G9)/G9,"-") | J11: =IFERROR((J9-I9)/I9,"-") | K11: =IFERROR((K9-J9)/J9,"-") | L11: =IFERROR((L9-K9)/K9,"-") | N11: =IFERROR((N9-L9)/L9,"-") | O11: =IFERROR((O9-N9)/N9,"-") | P11: =IFERROR((P9-O9)/O9,"-") | Q11: =IFERROR((Q9-P9)/P9,"-") | S11: =IFERROR((S9-Q9)/Q9,"-") | T11: =IFERROR((T9-S9)/S9,"-") | U11: =IFERROR((U9-T9)/T9,"-") | V11: =IFERROR((V9-U9)/U9,"-") | X11: =IFERROR((X9-V9)/V9,"-")
B12: $ YoY | I12: =I9-D9 | J12: =J9-E9 | K12: =K9-F9 | L12: =L9-G9 | M12: =M9-H9 | N12: =N9-I9 | O12: =O9-J9 | P12: =P9-K9 | ... X12: =X9-S9
B13: $ QoQ | E13: =E9-D9 | F13: =F9-E9 | G13: =G9-F9 | I13: =I9-G9 | J13: =J9-I9 | K13: =K9-J9 | L13: =L9-K9 | N13: =N9-L9 | O13: 2.333943 | P13: 15.45346 | Q13: 15.373178 | S13: 14.725478 | T13: 10.114104 | U13: 12.763934 | V13: 15.117965 | X13: 15.84167
B15: Consensus Total Revenue | O15: 274.91651 | P15: 290.706 | Q15: 309.24727 | S15: 323.17777 | T15: 329.21132 | U15: 341.83981 | V15: 360.21983 | W15: =SUM(S15:V15) | X15: 377.7084
B16: % YoY | T16: =IFERROR((T15-O15)/O15,"-") | U16: =IFERROR((U15-P15)/P15,"-") | V16: =IFERROR((V15-Q15)/Q15,"-") | X16: =IFERROR((X15-S15)/S15,"-")
B17: % QoQ | P17: =IFERROR((P15-O15)/O15,"-") | Q17: =IFERROR((Q15-P15)/P15,"-") | S17: =IFERROR((S15-Q15)/Q15,"-") | T17: =IFERROR((T15-S15)/S15,"-") | U17: =IFERROR((U15-T15)/T15,"-") | V17: =IFERROR((V15-U15)/U15,"-") | X17: =IFERROR((X15-V15)/V15,"-")
B18: $ YoY | T18: =T15-O15 | U18: =U15-P15 | V18: =V15-Q15 | X18: =X15-S15
B19: $ QoQ | P19: =P15-O15 | Q19: =Q15-P15 | S19: =S15-Q15 | T19: =T15-S15 | U19: =U15-T15 | V19: =V15-U15 | X19: =X15-V15
B21: % Variance vs Consensus | O21: =IFERROR((O9-O15)/O15,"-") | P21: =IFERROR((P9-P15)/P15,"-") | Q21: =IFERROR((Q9-Q15)/Q15,"-") | R21: =IFERROR((R9-R15)/R15,"-") | S21: =IFERROR((S9-S15)/S15,"-") | T21: =IFERROR((T9-T15)/T15,"-") | U21: =IFERROR((U9-U15)/U15,"-") | V21: =IFERROR((V9-V15)/V15,"-") | ... X21: =IFERROR((X9-X15)/X15,"-")
B23: Implied Q+2 Guide | P23: =P9/(1+$C$3)
B24: % YoY | P24: =IFERROR((P23-K9)/K9,"-")
B25: % QoQ | P25: =IFERROR((P23-O9)/O9,"-")
B26: $ YoY | P26: =P23-K9
B27: $ QoQ | P27: =P23-O9
B29: % Variance Guide vs Consensus | P29: =IFERROR((P23-P15)/P15,"-")
B31: Actuals vs Consensus
B32: Actual Revenue | D32: 174.175 | E32: 186.355 | F32: 198.937 | G32: 210.648 | H32: =SUM(D32:G32) | I32: 225.521 | J32: 229.029 | K32: 242.183 | L32: 258.913 | M32: =SUM(I32:L32) | N32: 271.153
B33: Consensus Revenue | D33: 169.65 | E33: 181.1069 | F33: 197.31506 | G33: 209.74873 | H33: =SUM(D33:G33) | I33: 235.46946 | J33: 228.36059 | K33: 256.1828 | L33: 256.15796 | M33: =SUM(I33:L33) | N33: 271.1633
B34: Beat / Miss ($) | D34: =D32-D33 | E34: =E32-E33 | F34: =F32-F33 | G34: =G32-G33 | H34: =H32-H33 | I34: =I32-I33 | J34: =J32-J33 | K34: =K32-K33 | ... N34: =N32-N33
B35: Beat / Miss (%) | D35: =IFERROR((D32-D33)/D33,"-") | E35: =IFERROR((E32-E33)/E33,"-") | F35: =IFERROR((F32-F33)/F33,"-") | G35: =IFERROR((G32-G33)/G33,"-") | H35: =IFERROR((H32-H33)/H33,"-") | I35: =IFERROR((I32-I33)/I33,"-") | J35: =IFERROR((J32-J33)/J33,"-") | K35: =IFERROR((K32-K33)/K33,"-") | ... N35: =IFERROR((N32-N33)/N33,"-")
B37: Trailing 4Q Avg Beat | C37: =AVERAGE(J35,K35,L35,N35)
B38: Trailing 8Q Avg Beat | C38: =AVERAGE(E35,F35,G35,I35,J35,K35,L35,N35)
B39: Selected Beat Cadence | C39: -0.0052

Sheet ZI
B1: ZI: KIN Base Case Operating Model
B2: USD in Millions Unless Stated Otherwise
B3: Beat Cadence (%) | C3: 0.0304
B4: Beat Window | C4: 4Q
B5: Momentum | C5: STABLE
D7: Q1-24 | E7: Q2-24 | F7: Q3-24 | G7: Q4-24 | H7: FY24 | I7: Q1-25 | J7: Q2-25 | K7: Q3-25 | L7: Q4-25 | M7: FY25 | N7: Q1-26E | O7: Q2-26E | P7: Q3-26E | Q7: Q4-26E | R7: FY26E | S7: Q1-27E | T7: Q2-27E | U7: Q3-27E | V7: Q4-27E | W7: FY27E
B9: Total Revenue | D9: 310.1 | E9: 291.5 | F9: 303.6 | G9: 309.1 | H9: =SUM(D9:G9) | I9: 305.7 | J9: 306.7 | K9: 318 | L9: 319.1 | M9: =SUM(I9:L9) | N9: =L9+N13 | O9: =N9+O13 | P9: =O9+P13 | Q9: =P9+Q13 | R9: =SUM(N9:Q9) | S9: =Q9+S13 | T9: =S9+T13 | U9: =T9+U13 | V9: =U9+V13 | W9: =SUM(S9:V9)
B10: % YoY | I10: =IFERROR((I9-D9)/D9,"-") | J10: =IFERROR((J9-E9)/E9,"-") | K10: =IFERROR((K9-F9)/F9,"-") | L10: =IFERROR((L9-G9)/G9,"-") | M10: =IFERROR((M9-H9)/H9,"-") | N10: =IFERROR((N9-I9)/I9,"-") | O10: =IFERROR((O9-J9)/J9,"-") | P10: =IFERROR((P9-K9)/K9,"-") | ... W10: =IFERROR((W9-R9)/R9,"-")
B11: % QoQ | E11: =IFERROR((E9-D9)/D9,"-") | F11: =IFERROR((F9-E9)/E9,"-") | G11: =IFERROR((G9-F9)/F9,"-") | I11: =IFERROR((I9-G9)/G9,"-") | J11: =IFERROR((J9-I9)/I9,"-") | K11: =IFERROR((K9-J9)/J9,"-") | L11: =IFERROR((L9-K9)/K9,"-") | N11: =IFERROR((N9-L9)/L9,"-") | O11: =IFERROR((O9-N9)/N9,"-") | P11: =IFERROR((P9-O9)/O9,"-") | Q11: =IFERROR((Q9-P9)/P9,"-") | S11: =IFERROR((S9-Q9)/Q9,"-") | T11: =IFERROR((T9-S9)/S9,"-") | U11: =IFERROR((U9-T9)/T9,"-") | V11: =IFERROR((V9-U9)/U9,"-")
B12: $ YoY | I12: =I9-D9 | J12: =J9-E9 | K12: =K9-F9 | L12: =L9-G9 | M12: =M9-H9 | N12: =N9-I9 | O12: =O9-J9 | P12: =P9-K9 | ... W12: =W9-R9
B13: $ QoQ | E13: =E9-D9 | F13: =F9-E9 | G13: =G9-F9 | I13: =I9-G9 | J13: =J9-I9 | K13: =K9-J9 | L13: =L9-K9 | N13: -7.747261 | O13: 3.447734 | P13: 7.601562 | Q13: 1.503475 | S13: -1.847738 | T13: -0.044813 | U13: 3.897607 | V13: 1.950446
B15: Consensus Total Revenue | N15: 302.16687 | O15: 304.18412 | P15: 308.91371 | Q15: 314.58731 | R15: =SUM(N15:Q15) | S15: 315.532 | T15: 320.0201 | U15: 331.32754 | V15: 340.61242 | W15: =SUM(S15:V15)
B16: % YoY | S16: =IFERROR((S15-N15)/N15,"-") | T16: =IFERROR((T15-O15)/O15,"-") | U16: =IFERROR((U15-P15)/P15,"-") | V16: =IFERROR((V15-Q15)/Q15,"-") | W16: =IFERROR((W15-R15)/R15,"-")
B17: % QoQ | O17: =IFERROR((O15-N15)/N15,"-") | P17: =IFERROR((P15-O15)/O15,"-") | Q17: =IFERROR((Q15-P15)/P15,"-") | S17: =IFERROR((S15-Q15)/Q15,"-") | T17: =IFERROR((T15-S15)/S15,"-") | U17: =IFERROR((U15-T15)/T15,"-") | V17: =IFERROR((V15-U15)/U15,"-")
B18: $ YoY | S18: =S15-N15 | T18: =T15-O15 | U18: =U15-P15 | V18: =V15-Q15 | W18: =W15-R15
B19: $ QoQ | O19: =O15-N15 | P19: =P15-O15 | Q19: =Q15-P15 | S19: =S15-Q15 | T19: =T15-S15 | U19: =U15-T15 | V19: =V15-U15
B21: % Variance vs Consensus | N21: =IFERROR((N9-N15)/N15,"-") | O21: =IFERROR((O9-O15)/O15,"-") | P21: =IFERROR((P9-P15)/P15,"-") | Q21: =IFERROR((Q9-Q15)/Q15,"-") | R21: =IFERROR((R9-R15)/R15,"-") | S21: =IFERROR((S9-S15)/S15,"-") | T21: =IFERROR((T9-T15)/T15,"-") | U21: =IFERROR((U9-U15)/U15,"-") | ... W21: =IFERROR((W9-W15)/W15,"-")
B23: Implied Q+2 Guide | O23: =O9/(1+$C$3)
B24: % YoY | O24: =IFERROR((O23-J9)/J9,"-")
B25: % QoQ | O25: =IFERROR((O23-N9)/N9,"-")
B26: $ YoY | O26: =O23-J9
B27: $ QoQ | O27: =O23-N9
B29: % Variance Guide vs Consensus | O29: =IFERROR((O23-O15)/O15,"-")
B31: Actuals vs Consensus
B32: Actual Revenue | D32: 310.1 | E32: 291.5 | F32: 303.6 | G32: 309.1 | H32: =SUM(D32:G32) | I32: 305.7 | J32: 306.7 | K32: 318 | L32: 319.1 | M32: =SUM(I32:L32)
B33: Consensus Revenue | D33: 308.75967 | E33: 299.38 | F33: 299.37125 | G33: 297.63938 | H33: =SUM(D33:G33) | I33: 295.5189 | J33: 296.40214
B34: Beat / Miss ($) | D34: =D32-D33 | E34: =E32-E33 | F34: =F32-F33 | G34: =G32-G33 | H34: =H32-H33 | I34: =I32-I33 | J34: =J32-J33
B35: Beat / Miss (%) | D35: =IFERROR((D32-D33)/D33,"-") | E35: =IFERROR((E32-E33)/E33,"-") | F35: =IFERROR((F32-F33)/F33,"-") | G35: =IFERROR((G32-G33)/G33,"-") | H35: =IFERROR((H32-H33)/H33,"-") | I35: =IFERROR((I32-I33)/I33,"-") | J35: =IFERROR((J32-J33)/J33,"-")
B37: Trailing 4Q Avg Beat | C37: =AVERAGE(F35,G35,I35,J35)
B38: Trailing 8Q Avg Beat | C38: =AVERAGE(D35,E35,F35,G35,I35,J35)
B39: Selected Beat Cadence | C39: 0.0304

Sheet DT
B1: DT: KIN Base Case Operating Model
B2: USD in Millions Unless Stated Otherwise
B3: Beat Cadence (%) | C3: 0.0194
B4: Beat Window | C4: 4Q
B5: Momentum | C5: STABLE
D7: Q1-24 | E7: Q2-24 | F7: Q3-24 | G7: Q4-24 | H7: FY24 | I7: Q1-25 | J7: Q2-25 | K7: Q3-25 | L7: Q4-25 | M7: FY25 | N7: Q1-26E | O7: Q2-26E | P7: Q3-26E | Q7: Q4-26E | R7: FY26E | S7: Q1-27E | T7: Q2-27E | U7: Q3-27E | V7: Q4-27E | W7: FY27E
B9: Total Revenue | D9: 380.848 | E9: 399.22 | F9: 418.129 | G9: 436.169 | H9: =SUM(D9:G9) | I9: 445.165 | J9: 477.349 | K9: 493.849 | L9: 515.473 | M9: =SUM(I9:L9) | N9: =L9+N13 | O9: =N9+O13 | P9: =O9+P13 | Q9: =P9+Q13 | R9: =SUM(N9:Q9) | S9: =Q9+S13 | T9: =S9+T13 | U9: =T9+U13 | V9: =U9+V13 | W9: =SUM(S9:V9)
B10: % YoY | I10: =IFERROR((I9-D9)/D9,"-") | J10: =IFERROR((J9-E9)/E9,"-") | K10: =IFERROR((K9-F9)/F9,"-") | L10: =IFERROR((L9-G9)/G9,"-") | M10: =IFERROR((M9-H9)/H9,"-") | N10: =IFERROR((N9-I9)/I9,"-") | O10: =IFERROR((O9-J9)/J9,"-") | P10: =IFERROR((P9-K9)/K9,"-") | ... W10: =IFERROR((W9-R9)/R9,"-")
B11: % QoQ | E11: =IFERROR((E9-D9)/D9,"-") | F11: =IFERROR((F9-E9)/E9,"-") | G11: =IFERROR((G9-F9)/F9,"-") | I11: =IFERROR((I9-G9)/G9,"-") | J11: =IFERROR((J9-I9)/I9,"-") | K11: =IFERROR((K9-J9)/J9,"-") | L11: =IFERROR((L9-K9)/K9,"-") | N11: =IFERROR((N9-L9)/L9,"-") | O11: =IFERROR((O9-N9)/N9,"-") | P11: =IFERROR((P9-O9)/O9,"-") | Q11: =IFERROR((Q9-P9)/P9,"-") | S11: =IFERROR((S9-Q9)/Q9,"-") | T11: =IFERROR((T9-S9)/S9,"-") | U11: =IFERROR((U9-T9)/T9,"-") | V11: =IFERROR((V9-U9)/U9,"-")
B12: $ YoY | I12: =I9-D9 | J12: =J9-E9 | K12: =K9-F9 | L12: =L9-G9 | M12: =M9-H9 | N12: =N9-I9 | O12: =O9-J9 | P12: =P9-K9 | ... W12: =W9-R9
B13: $ QoQ | E13: =E9-D9 | F13: =F9-E9 | G13: =G9-F9 | I13: =I9-G9 | J13: =J9-I9 | K13: =K9-J9 | L13: =L9-K9 | N13: 15.653638 | O13: 22.243337 | P13: 20.046652 | Q13: 21.027899 | S13: 17.852993 | T13: 23.307844 | U13: 22.470621 | V13: 23.196665
B15: Consensus Total Revenue | N15: 521.01887 | O15: 547.96108 | P15: 566.89861 | Q15: 590.07268 | R15: =SUM(N15:Q15) | S15: 600.45677 | T15: 626.50354 | U15: 646.42984 | V15: 670.1653 | W15: =SUM(S15:V15)
B16: % YoY | S16: =IFERROR((S15-N15)/N15,"-") | T16: =IFERROR((T15-O15)/O15,"-") | U16: =IFERROR((U15-P15)/P15,"-") | V16: =IFERROR((V15-Q15)/Q15,"-") | W16: =IFERROR((W15-R15)/R15,"-")
B17: % QoQ | O17: =IFERROR((O15-N15)/N15,"-") | P17: =IFERROR((P15-O15)/O15,"-") | Q17: =IFERROR((Q15-P15)/P15,"-") | S17: =IFERROR((S15-Q15)/Q15,"-") | T17: =IFERROR((T15-S15)/S15,"-") | U17: =IFERROR((U15-T15)/T15,"-") | V17: =IFERROR((V15-U15)/U15,"-")
B18: $ YoY | S18: =S15-N15 | T18: =T15-O15 | U18: =U15-P15 | V18: =V15-Q15 | W18: =W15-R15
B19: $ QoQ | O19: =O15-N15 | P19: =P15-O15 | Q19: =Q15-P15 | S19: =S15-Q15 | T19: =T15-S15 | U19: =U15-T15 | V19: =V15-U15
B21: % Variance vs Consensus | N21: =IFERROR((N9-N15)/N15,"-") | O21: =IFERROR((O9-O15)/O15,"-") | P21: =IFERROR((P9-P15)/P15,"-") | Q21: =IFERROR((Q9-Q15)/Q15,"-") | R21: =IFERROR((R9-R15)/R15,"-") | S21: =IFERROR((S9-S15)/S15,"-") | T21: =IFERROR((T9-T15)/T15,"-") | U21: =IFERROR((U9-U15)/U15,"-") | ... W21: =IFERROR((W9-W15)/W15,"-")
B23: Implied Q+2 Guide | O23: =O9/(1+$C$3)
B24: % YoY | O24: =IFERROR((O23-J9)/J9,"-")
B25: % QoQ | O25: =IFERROR((O23-N9)/N9,"-")
B26: $ YoY | O26: =O23-J9
B27: $ QoQ | O27: =O23-N9
B29: % Variance Guide vs Consensus | O29: =IFERROR((O23-O15)/O15,"-")
B31: Actuals vs Consensus
B32: Actual Revenue | D32: 380.848 | E32: 399.22 | F32: 418.129 | G32: 436.169 | H32: =SUM(D32:G32) | I32: 445.165 | J32: 477.349 | K32: 493.849 | L32: 515.473 | M32: =SUM(I32:L32)
B33: Consensus Revenue | D33: 375.27552 | E33: 392.21515 | F33: 406.17241 | G33: 435.25627 | H33: =SUM(D33:G33) | I33: 434.76403 | J33: 467.52871 | K33: 487.33655 | L33: 505.8059 | M33: =SUM(I33:L33)
B34: Beat / Miss ($) | D34: =D32-D33 | E34: =E32-E33 | F34: =F32-F33 | G34: =G32-G33 | H34: =H32-H33 | I34: =I32-I33 | J34: =J32-J33 | K34: =K32-K33 | ... M34: =M32-M33
B35: Beat / Miss (%) | D35: =IFERROR((D32-D33)/D33,"-") | E35: =IFERROR((E32-E33)/E33,"-") | F35: =IFERROR((F32-F33)/F33,"-") | G35: =IFERROR((G32-G33)/G33,"-") | H35: =IFERROR((H32-H33)/H33,"-") | I35: =IFERROR((I32-I33)/I33,"-") | J35: =IFERROR((J32-J33)/J33,"-") | K35: =IFERROR((K32-K33)/K33,"-") | ... M35: =IFERROR((M32-M33)/M33,"-")
B37: Trailing 4Q Avg Beat | C37: =AVERAGE(I35,J35,K35,L35)
B38: Trailing 8Q Avg Beat | C38: =AVERAGE(D35,E35,F35,G35,I35,J35,K35,L35)
B39: Selected Beat Cadence | C39: 0.0194

Sheet TOST
B1: TOST: KIN Base Case Operating Model
B2: USD in Millions Unless Stated Otherwise
B3: Beat Cadence (%) | C3: 0.0156
B4: Beat Window | C4: 8Q
B5: Momentum | C5: DECELERATING
D7: Q1-24 | E7: Q2-24 | F7: Q3-24 | G7: Q4-24 | H7: FY24 | I7: Q1-25 | J7: Q2-25 | K7: Q3-25 | L7: Q4-25 | M7: FY25 | N7: Q1-26E | O7: Q2-26E | P7: Q3-26E | Q7: Q4-26E | R7: FY26E | S7: Q1-27E | T7: Q2-27E | U7: Q3-27E | V7: Q4-27E | W7: FY27E
B9: Total Revenue | D9: 1075 | E9: 1242 | F9: 1305 | G9: 1338 | H9: =SUM(D9:G9) | I9: 1337 | J9: 1550 | K9: 1633 | L9: 1633 | M9: =SUM(I9:L9) | N9: =L9+N13 | O9: =N9+O13 | P9: =O9+P13 | Q9: =P9+Q13 | R9: =SUM(N9:Q9) | S9: =Q9+S13 | T9: =S9+T13 | U9: =T9+U13 | V9: =U9+V13 | W9: =SUM(S9:V9)
B10: % YoY | I10: =IFERROR((I9-D9)/D9,"-") | J10: =IFERROR((J9-E9)/E9,"-") | K10: =IFERROR((K9-F9)/F9,"-") | L10: =IFERROR((L9-G9)/G9,"-") | M10: =IFERROR((M9-H9)/H9,"-") | N10: =IFERROR((N9-I9)/I9,"-") | O10: =IFERROR((O9-J9)/J9,"-") | P10: =IFERROR((P9-K9)/K9,"-") | ... W10: =IFERROR((W9-R9)/R9,"-")
B11: % QoQ | E11: =IFERROR((E9-D9)/D9,"-") | F11: =IFERROR((F9-E9)/E9,"-") | G11: =IFERROR((G9-F9)/F9,"-") | I11: =IFERROR((I9-G9)/G9,"-") | J11: =IFERROR((J9-I9)/I9,"-") | K11: =IFERROR((K9-J9)/J9,"-") | L11: =IFERROR((L9-K9)/K9,"-") | N11: =IFERROR((N9-L9)/L9,"-") | O11: =IFERROR((O9-N9)/N9,"-") | P11: =IFERROR((P9-O9)/O9,"-") | Q11: =IFERROR((Q9-P9)/P9,"-") | S11: =IFERROR((S9-Q9)/Q9,"-") | T11: =IFERROR((T9-S9)/S9,"-") | U11: =IFERROR((U9-T9)/T9,"-") | V11: =IFERROR((V9-U9)/U9,"-")
B12: $ YoY | I12: =I9-D9 | J12: =J9-E9 | K12: =K9-F9 | L12: =L9-G9 | M12: =M9-H9 | N12: =N9-I9 | O12: =O9-J9 | P12: =P9-K9 | ... W12: =W9-R9
B13: $ QoQ | E13: =E9-D9 | F13: =F9-E9 | G13: =G9-F9 | I13: =I9-G9 | J13: =J9-I9 | K13: =K9-J9 | L13: =L9-K9 | N13: -0.51729 | O13: 201.61399 | P13: 99.220764 | Q13: 45.911997 | S13: 36.265308 | T13: 127.54088 | U13: 112.70987 | V13: 85.519575
B15: Consensus Total Revenue | N15: 1607.4072 | O15: 1863.4862 | P15: 1948.8145 | Q15: 1945.9328 | R15: =SUM(N15:Q15) | S15: 1942.3197 | T15: 2221.7823 | U15: 2299.2829 | V15: 2291.0261 | W15: =SUM(S15:V15)
B16: % YoY | S16: =IFERROR((S15-N15)/N15,"-") | T16: =IFERROR((T15-O15)/O15,"-") | U16: =IFERROR((U15-P15)/P15,"-") | V16: =IFERROR((V15-Q15)/Q15,"-") | W16: =IFERROR((W15-R15)/R15,"-")
B17: % QoQ | O17: =IFERROR((O15-N15)/N15,"-") | P17: =IFERROR((P15-O15)/O15,"-") | Q17: =IFERROR((Q15-P15)/P15,"-") | S17: =IFERROR((S15-Q15)/Q15,"-") | T17: =IFERROR((T15-S15)/S15,"-") | U17: =IFERROR((U15-T15)/T15,"-") | V17: =IFERROR((V15-U15)/U15,"-")
B18: $ YoY | S18: =S15-N15 | T18: =T15-O15 | U18: =U15-P15 | V18: =V15-Q15 | W18: =W15-R15
B19: $ QoQ | O19: =O15-N15 | P19: =P15-O15 | Q19: =Q15-P15 | S19: =S15-Q15 | T19: =T15-S15 | U19: =U15-T15 | V19: =V15-U15
B21: % Variance vs Consensus | N21: =IFERROR((N9-N15)/N15,"-") | O21: =IFERROR((O9-O15)/O15,"-") | P21: =IFERROR((P9-P15)/P15,"-") | Q21: =IFERROR((Q9-Q15)/Q15,"-") | R21: =IFERROR((R9-R15)/R15,"-") | S21: =IFERROR((S9-S15)/S15,"-") | T21: =IFERROR((T9-T15)/T15,"-") | U21: =IFERROR((U9-U15)/U15,"-") | ... W21: =IFERROR((W9-W15)/W15,"-")
B23: Implied Q+2 Guide | O23: =O9/(1+$C$3)
B24: % YoY | O24: =IFERROR((O23-J9)/J9,"-")
B25: % QoQ | O25: =IFERROR((O23-N9)/N9,"-")
B26: $ YoY | O26: =O23-J9
B27: $ QoQ | O27: =O23-N9
B29: % Variance Guide vs Consensus | O29: =IFERROR((O23-O15)/O15,"-")
B31: Actuals vs Consensus
B32: Actual Revenue | D32: 1075 | E32: 1242 | F32: 1305 | G32: 1338 | H32: =SUM(D32:G32) | I32: 1337 | J32: 1550 | K32: 1633 | L32: 1633 | M32: =SUM(I32:L32)
B33: Consensus Revenue | D33: 1043.6465 | E33: 1221.1215 | F33: 1292.7608 | G33: 1313.8606 | H33: =SUM(D33:G33) | I33: 1343.8107 | J33: 1524.9891 | K33: 1586.5975 | L33: 1618.432 | M33: =SUM(I33:L33)
B34: Beat / Miss ($) | D34: =D32-D33 | E34: =E32-E33 | F34: =F32-F33 | G34: =G32-G33 | H34: =H32-H33 | I34: =I32-I33 | J34: =J32-J33 | K34: =K32-K33 | ... M34: =M32-M33
B35: Beat / Miss (%) | D35: =IFERROR((D32-D33)/D33,"-") | E35: =IFERROR((E32-E33)/E33,"-") | F35: =IFERROR((F32-F33)/F33,"-") | G35: =IFERROR((G32-G33)/G33,"-") | H35: =IFERROR((H32-H33)/H33,"-") | I35: =IFERROR((I32-I33)/I33,"-") | J35: =IFERROR((J32-J33)/J33,"-") | K35: =IFERROR((K32-K33)/K33,"-") | ... M35: =IFERROR((M32-M33)/M33,"-")
B37: Trailing 4Q Avg Beat | C37: =AVERAGE(I35,J35,K35,L35)
B38: Trailing 8Q Avg Beat | C38: =AVERAGE(D35,E35,F35,G35,I35,J35,K35,L35)
B39: Selected Beat Cadence | C39: 0.0156

Sheet PCTY
B1: PCTY: KIN Base Case Operating Model
B2: USD in Millions Unless Stated Otherwise
B3: Beat Cadence (%) | C3: 0.0216
B4: Beat Window | C4: 4Q
B5: Momentum | C5: STABLE
D7: Q1-24 | E7: Q2-24 | F7: Q3-24 | G7: Q4-24 | H7: FY24 | I7: Q1-25 | J7: Q2-25 | K7: Q3-25 | L7: Q4-25 | M7: FY25 | N7: Q1-26E | O7: Q2-26E | P7: Q3-26E | Q7: Q4-26E | R7: FY26E | S7: Q1-27E | T7: Q2-27E | U7: Q3-27E | V7: Q4-27E | W7: FY27E
B9: Total Revenue | D9: 401.281 | E9: 311.917 | F9: 317.586 | G9: 376.98 | H9: =SUM(D9:G9) | I9: 454.548 | J9: 446.107 | K9: 408.172 | L9: 416.134 | M9: =SUM(I9:L9) | N9: =L9+N13 | O9: =N9+O13 | P9: =O9+P13 | Q9: =P9+Q13 | R9: =SUM(N9:Q9) | S9: =Q9+S13 | T9: =S9+T13 | U9: =T9+U13 | V9: =U9+V13 | W9: =SUM(S9:V9)
B10: % YoY | I10: =IFERROR((I9-D9)/D9,"-") | J10: =IFERROR((J9-E9)/E9,"-") | K10: =IFERROR((K9-F9)/F9,"-") | L10: =IFERROR((L9-G9)/G9,"-") | M10: =IFERROR((M9-H9)/H9,"-") | N10: =IFERROR((N9-I9)/I9,"-") | O10: =IFERROR((O9-J9)/J9,"-") | P10: =IFERROR((P9-K9)/K9,"-") | ... W10: =IFERROR((W9-R9)/R9,"-")
B11: % QoQ | E11: =IFERROR((E9-D9)/D9,"-") | F11: =IFERROR((F9-E9)/E9,"-") | G11: =IFERROR((G9-F9)/F9,"-") | I11: =IFERROR((I9-G9)/G9,"-") | J11: =IFERROR((J9-I9)/I9,"-") | K11: =IFERROR((K9-J9)/J9,"-") | L11: =IFERROR((L9-K9)/K9,"-") | N11: =IFERROR((N9-L9)/L9,"-") | O11: =IFERROR((O9-N9)/N9,"-") | P11: =IFERROR((P9-O9)/O9,"-") | Q11: =IFERROR((Q9-P9)/P9,"-") | S11: =IFERROR((S9-Q9)/Q9,"-") | T11: =IFERROR((T9-S9)/S9,"-") | U11: =IFERROR((U9-T9)/T9,"-") | V11: =IFERROR((V9-U9)/U9,"-")
B12: $ YoY | I12: =I9-D9 | J12: =J9-E9 | K12: =K9-F9 | L12: =L9-G9 | M12: =M9-H9 | N12: =N9-I9 | O12: =O9-J9 | P12: =P9-K9 | ... W12: =W9-R9
B13: $ QoQ | E13: =E9-D9 | F13: =F9-E9 | G13: =G9-F9 | I13: =I9-G9 | J13: =J9-I9 | K13: =K9-J9 | L13: =L9-K9 | N13: 84.362396 | O13: -30.541827 | P13: -4.743309 | Q13: 11.080739 | S13: 47.801982 | T13: 5.136688 | U13: 4.053365 | V13: 10.44543
B15: Consensus Total Revenue | N15: 489.91425 | O15: 424.19761 | P15: 435.95169 | Q15: 446.78799 | R15: =SUM(N15:Q15) | S15: 532.12517 | T15: 463.29937 | U15: 485.32838 | V15: 491.34634 | W15: =SUM(S15:V15)
B16: % YoY | S16: =IFERROR((S15-N15)/N15,"-") | T16: =IFERROR((T15-O15)/O15,"-") | U16: =IFERROR((U15-P15)/P15,"-") | V16: =IFERROR((V15-Q15)/Q15,"-") | W16: =IFERROR((W15-R15)/R15,"-")
B17: % QoQ | O17: =IFERROR((O15-N15)/N15,"-") | P17: =IFERROR((P15-O15)/O15,"-") | Q17: =IFERROR((Q15-P15)/P15,"-") | S17: =IFERROR((S15-Q15)/Q15,"-") | T17: =IFERROR((T15-S15)/S15,"-") | U17: =IFERROR((U15-T15)/T15,"-") | V17: =IFERROR((V15-U15)/U15,"-")
B18: $ YoY | S18: =S15-N15 | T18: =T15-O15 | U18: =U15-P15 | V18: =V15-Q15 | W18: =W15-R15
B19: $ QoQ | O19: =O15-N15 | P19: =P15-O15 | Q19: =Q15-P15 | S19: =S15-Q15 | T19: =T15-S15 | U19: =U15-T15 | V19: =V15-U15
B21: % Variance vs Consensus | N21: =IFERROR((N9-N15)/N15,"-") | O21: =IFERROR((O9-O15)/O15,"-") | P21: =IFERROR((P9-P15)/P15,"-") | Q21: =IFERROR((Q9-Q15)/Q15,"-") | R21: =IFERROR((R9-R15)/R15,"-") | S21: =IFERROR((S9-S15)/S15,"-") | T21: =IFERROR((T9-T15)/T15,"-") | U21: =IFERROR((U9-U15)/U15,"-") | ... W21: =IFERROR((W9-W15)/W15,"-")
B23: Implied Q+2 Guide | O23: =O9/(1+$C$3)
B24: % YoY | O24: =IFERROR((O23-J9)/J9,"-")
B25: % QoQ | O25: =IFERROR((O23-N9)/N9,"-")
B26: $ YoY | O26: =O23-J9
B27: $ QoQ | O27: =O23-N9
B29: % Variance Guide vs Consensus | O29: =IFERROR((O23-O15)/O15,"-")
B31: Actuals vs Consensus
B32: Actual Revenue | D32: 401.281 | E32: 311.917 | F32: 317.586 | G32: 376.98 | H32: =SUM(D32:G32) | I32: 454.548 | J32: 446.107 | K32: 408.172 | L32: 416.134 | M32: =SUM(I32:L32)
B33: Consensus Revenue | D33: 397.18 | E33: 350.25 | F33: 358.34059 | G33: 366.86502 | H33: =SUM(D33:G33) | I33: 441.71602 | J33: 393.09019 | K33: 400.45809 | L33: 408.5927 | M33: =SUM(I33:L33)
B34: Beat / Miss ($) | D34: =D32-D33 | E34: =E32-E33 | F34: =F32-F33 | G34: =G32-G33 | H34: =H32-H33 | I34: =I32-I33 | J34: =J32-J33 | K34: =K32-K33 | ... M34: =M32-M33
B35: Beat / Miss (%) | D35: =IFERROR((D32-D33)/D33,"-") | E35: =IFERROR((E32-E33)/E33,"-") | F35: =IFERROR((F32-F33)/F33,"-") | G35: =IFERROR((G32-G33)/G33,"-") | H35: =IFERROR((H32-H33)/H33,"-") | I35: =IFERROR((I32-I33)/I33,"-") | J35: =IFERROR((J32-J33)/J33,"-") | K35: =IFERROR((K32-K33)/K33,"-") | ... M35: =IFERROR((M32-M33)/M33,"-")
B37: Trailing 4Q Avg Beat | C37: =AVERAGE(I35,J35,K35,L35)
B38: Trailing 8Q Avg Beat | C38: =AVERAGE(D35,E35,F35,G35,I35,J35,K35,L35)
B39: Selected Beat Cadence | C39: 0.0216

Sheet PAYC
B1: PAYC: KIN Base Case Operating Model
B2: USD in Millions Unless Stated Otherwise
B3: Beat Cadence (%) | C3: 0.0095
B4: Beat Window | C4: 4Q
B5: Momentum | C5: ACCELERATING
D7: Q1-24 | E7: Q2-24 | F7: Q3-24 | G7: Q4-24 | H7: FY24 | I7: Q1-25 | J7: Q2-25 | K7: Q3-25 | L7: Q4-25 | M7: FY25 | N7: Q1-26E | O7: Q2-26E | P7: Q3-26E | Q7: Q4-26E | R7: FY26E | S7: Q1-27E | T7: Q2-27E | U7: Q3-27E | V7: Q4-27E | W7: FY27E
B9: Total Revenue | D9: 499.9 | E9: 437.5 | F9: 451.934 | G9: 493.866 | H9: =SUM(D9:G9) | I9: 530.5 | J9: 483.6 | K9: 493.3 | L9: 544.3 | M9: =SUM(I9:L9) | N9: =L9+N13 | O9: =N9+O13 | P9: =O9+P13 | Q9: =P9+Q13 | R9: =SUM(N9:Q9) | S9: =Q9+S13 | T9: =S9+T13 | U9: =T9+U13 | V9: =U9+V13 | W9: =SUM(S9:V9)
B10: % YoY | I10: =IFERROR((I9-D9)/D9,"-") | J10: =IFERROR((J9-E9)/E9,"-") | K10: =IFERROR((K9-F9)/F9,"-") | L10: =IFERROR((L9-G9)/G9,"-") | M10: =IFERROR((M9-H9)/H9,"-") | N10: =IFERROR((N9-I9)/I9,"-") | O10: =IFERROR((O9-J9)/J9,"-") | P10: =IFERROR((P9-K9)/K9,"-") | ... W10: =IFERROR((W9-R9)/R9,"-")
B11: % QoQ | E11: =IFERROR((E9-D9)/D9,"-") | F11: =IFERROR((F9-E9)/E9,"-") | G11: =IFERROR((G9-F9)/F9,"-") | I11: =IFERROR((I9-G9)/G9,"-") | J11: =IFERROR((J9-I9)/I9,"-") | K11: =IFERROR((K9-J9)/J9,"-") | L11: =IFERROR((L9-K9)/K9,"-") | N11: =IFERROR((N9-L9)/L9,"-") | O11: =IFERROR((O9-N9)/N9,"-") | P11: =IFERROR((P9-O9)/O9,"-") | Q11: =IFERROR((Q9-P9)/P9,"-") | S11: =IFERROR((S9-Q9)/Q9,"-") | T11: =IFERROR((T9-S9)/S9,"-") | U11: =IFERROR((U9-T9)/T9,"-") | V11: =IFERROR((V9-U9)/U9,"-")
B12: $ YoY | I12: =I9-D9 | J12: =J9-E9 | K12: =K9-F9 | L12: =L9-G9 | M12: =M9-H9 | N12: =N9-I9 | O12: =O9-J9 | P12: =P9-K9 | ... W12: =W9-R9
B13: $ QoQ | E13: =E9-D9 | F13: =F9-E9 | G13: =G9-F9 | I13: =I9-G9 | J13: =J9-I9 | K13: =K9-J9 | L13: =L9-K9 | N13: 26.763029 | O13: -23.035041 | P13: 2.013025 | Q13: 34.386715 | S13: 47.166088 | T13: -9.355889 | U13: 2.162969 | V13: 20.523058
B15: Consensus Total Revenue | N15: 565.68898 | O15: 515.67803 | P15: 529.76509 | Q15: 576.74699 | R15: =SUM(N15:Q15) | S15: 609.31879 | T15: 555.86905 | U15: 565.82323 | V15: 618.32435 | W15: =SUM(S15:V15)
B16: % YoY | S16: =IFERROR((S15-N15)/N15,"-") | T16: =IFERROR((T15-O15)/O15,"-") | U16: =IFERROR((U15-P15)/P15,"-") | V16: =IFERROR((V15-Q15)/Q15,"-") | W16: =IFERROR((W15-R15)/R15,"-")
B17: % QoQ | O17: =IFERROR((O15-N15)/N15,"-") | P17: =IFERROR((P15-O15)/O15,"-") | Q17: =IFERROR((Q15-P15)/P15,"-") | S17: =IFERROR((S15-Q15)/Q15,"-") | T17: =IFERROR((T15-S15)/S15,"-") | U17: =IFERROR((U15-T15)/T15,"-") | V17: =IFERROR((V15-U15)/U15,"-")
B18: $ YoY | S18: =S15-N15 | T18: =T15-O15 | U18: =U15-P15 | V18: =V15-Q15 | W18: =W15-R15
B19: $ QoQ | O19: =O15-N15 | P19: =P15-O15 | Q19: =Q15-P15 | S19: =S15-Q15 | T19: =T15-S15 | U19: =U15-T15 | V19: =V15-U15
B21: % Variance vs Consensus | N21: =IFERROR((N9-N15)/N15,"-") | O21: =IFERROR((O9-O15)/O15,"-") | P21: =IFERROR((P9-P15)/P15,"-") | Q21: =IFERROR((Q9-Q15)/Q15,"-") | R21: =IFERROR((R9-R15)/R15,"-") | S21: =IFERROR((S9-S15)/S15,"-") | T21: =IFERROR((T9-T15)/T15,"-") | U21: =IFERROR((U9-U15)/U15,"-") | ... W21: =IFERROR((W9-W15)/W15,"-")
B23: Implied Q+2 Guide | O23: =O9/(1+$C$3)
B24: % YoY | O24: =IFERROR((O23-J9)/J9,"-")
B25: % QoQ | O25: =IFERROR((O23-N9)/N9,"-")
B26: $ YoY | O26: =O23-J9
B27: $ QoQ | O27: =O23-N9
B29: % Variance Guide vs Consensus | O29: =IFERROR((O23-O15)/O15,"-")
B31: Actuals vs Consensus
B32: Actual Revenue | D32: 499.9 | E32: 437.5 | F32: 451.934 | G32: 493.866 | H32: =SUM(D32:G32) | I32: 530.5 | J32: 483.6 | K32: 493.3 | L32: 544.3 | M32: =SUM(I32:L32)
B33: Consensus Revenue | D33: 495.84 | E33: 436.43 | F33: 481.59 | G33: 481.13406 | H33: =SUM(D33:G33) | I33: 525.0315 | J33: 472.02164 | K33: 492.88753 | L33: 543.0277 | M33: =SUM(I33:L33)
B34: Beat / Miss ($) | D34: =D32-D33 | E34: =E32-E33 | F34: =F32-F33 | G34: =G32-G33 | H34: =H32-H33 | I34: =I32-I33 | J34: =J32-J33 | K34: =K32-K33 | ... M34: =M32-M33
B35: Beat / Miss (%) | D35: =IFERROR((D32-D33)/D33,"-") | E35: =IFERROR((E32-E33)/E33,"-") | F35: =IFERROR((F32-F33)/F33,"-") | G35: =IFERROR((G32-G33)/G33,"-") | H35: =IFERROR((H32-H33)/H33,"-") | I35: =IFERROR((I32-I33)/I33,"-") | J35: =IFERROR((J32-J33)/J33,"-") | K35: =IFERROR((K32-K33)/K33,"-") | ... M35: =IFERROR((M32-M33)/M33,"-")
B37: Trailing 4Q Avg Beat | C37: =AVERAGE(I35,J35,K35,L35)
B38: Trailing 8Q Avg Beat | C38: =AVERAGE(D35,E35,F35,G35,I35,J35,K35,L35)
B39: Selected Beat Cadence | C39: 0.0095

Sheet GWRE
B1: GWRE: KIN Base Case Operating Model
B2: USD in Millions Unless Stated Otherwise
B3: Beat Cadence (%) | C3: 0.0447
B4: Beat Window | C4: 4Q
B5: Momentum | C5: STABLE
D7: Q1-24 | E7: Q2-24 | F7: Q3-24 | G7: Q4-24 | H7: FY24 | I7: Q1-25 | J7: Q2-25 | K7: Q3-25 | L7: Q4-25 | M7: FY25 | N7: Q1-26 | O7: Q2-26E | P7: Q3-26E | Q7: Q4-26E | R7: FY26E | S7: Q1-27E | T7: Q2-27E | U7: Q3-27E | V7: Q4-27E | W7: FY27E | X7: Q1-28E
B9: Total Revenue | D9: 240.897 | E9: 240.678 | F9: 291.515 | G9: 262.901 | H9: =SUM(D9:G9) | I9: 289.48 | J9: 293.508 | K9: 356.57 | L9: 332.639 | M9: =SUM(I9:L9) | N9: 359.095 | O9: =N9+O13 | P9: =O9+P13 | Q9: =P9+Q13 | R9: =SUM(N9:Q9) | S9: =Q9+S13 | T9: =S9+T13 | U9: =T9+U13 | V9: =U9+V13 | W9: =SUM(S9:V9) | X9: =V9+X13
B10: % YoY | I10: =IFERROR((I9-D9)/D9,"-") | J10: =IFERROR((J9-E9)/E9,"-") | K10: =IFERROR((K9-F9)/F9,"-") | L10: =IFERROR((L9-G9)/G9,"-") | M10: =IFERROR((M9-H9)/H9,"-") | N10: =IFERROR((N9-I9)/I9,"-") | O10: =IFERROR((O9-J9)/J9,"-") | P10: =IFERROR((P9-K9)/K9,"-") | ... X10: =IFERROR((X9-S9)/S9,"-")
B11: % QoQ | E11: =IFERROR((E9-D9)/D9,"-") | F11: =IFERROR((F9-E9)/E9,"-") | G11: =IFERROR((G9-F9)/F9,"-") | I11: =IFERROR((I9-G9)/G9,"-") | J11: =IFERROR((J9-I9)/I9,"-") | K11: =IFERROR((K9-J9)/J9,"-") | L11: =IFERROR((L9-K9)/K9,"-") | N11: =IFERROR((N9-L9)/L9,"-") | O11: =IFERROR((O9-N9)/N9,"-") | P11: =IFERROR((P9-O9)/O9,"-") | Q11: =IFERROR((Q9-P9)/P9,"-") | S11: =IFERROR((S9-Q9)/Q9,"-") | T11: =IFERROR((T9-S9)/S9,"-") | U11: =IFERROR((U9-T9)/T9,"-") | V11: =IFERROR((V9-U9)/U9,"-") | X11: =IFERROR((X9-V9)/V9,"-")
B12: $ YoY | I12: =I9-D9 | J12: =J9-E9 | K12: =K9-F9 | L12: =L9-G9 | M12: =M9-H9 | N12: =N9-I9 | O12: =O9-J9 | P12: =P9-K9 | ... X12: =X9-S9
B13: $ QoQ | E13: =E9-D9 | F13: =F9-E9 | G13: =G9-F9 | I13: =I9-G9 | J13: =J9-I9 | K13: =K9-J9 | L13: =L9-K9 | N13: =N9-L9 | O13: 12.804909 | P13: 46.415804 | Q13: -6.724137 | S13: 17.951154 | T13: 12.611705 | U13: 36.108381 | V13: 12.902317 | X13: 19.818812
B15: Consensus Total Revenue | O15: 355.98728 | P15: 397.53611 | Q15: 384.92684 | S15: 408.60852 | T15: 413.24314 | U15: 458.79527 | V15: 442.32532 | W15: =SUM(S15:V15) | X15: 465.97733
B16: % YoY | T16: =IFERROR((T15-O15)/O15,"-") | U16: =IFERROR((U15-P15)/P15,"-") | V16: =IFERROR((V15-Q15)/Q15,"-") | X16: =IFERROR((X15-S15)/S15,"-")
B17: % QoQ | P17: =IFERROR((P15-O15)/O15,"-") | Q17: =IFERROR((Q15-P15)/P15,"-") | S17: =IFERROR((S15-Q15)/Q15,"-") | T17: =IFERROR((T15-S15)/S15,"-") | U17: =IFERROR((U15-T15)/T15,"-") | V17: =IFERROR((V15-U15)/U15,"-") | X17: =IFERROR((X15-V15)/V15,"-")
B18: $ YoY | T18: =T15-O15 | U18: =U15-P15 | V18: =V15-Q15 | X18: =X15-S15
B19: $ QoQ | P19: =P15-O15 | Q19: =Q15-P15 | S19: =S15-Q15 | T19: =T15-S15 | U19: =U15-T15 | V19: =V15-U15 | X19: =X15-V15
B21: % Variance vs Consensus | O21: =IFERROR((O9-O15)/O15,"-") | P21: =IFERROR((P9-P15)/P15,"-") | Q21: =IFERROR((Q9-Q15)/Q15,"-") | R21: =IFERROR((R9-R15)/R15,"-") | S21: =IFERROR((S9-S15)/S15,"-") | T21: =IFERROR((T9-T15)/T15,"-") | U21: =IFERROR((U9-U15)/U15,"-") | V21: =IFERROR((V9-V15)/V15,"-") | ... X21: =IFERROR((X9-X15)/X15,"-")
B23: Implied Q+2 Guide | P23: =P9/(1+$C$3)
B24: % YoY | P24: =IFERROR((P23-K9)/K9,"-")
B25: % QoQ | P25: =IFERROR((P23-O9)/O9,"-")
B26: $ YoY | P26: =P23-K9
B27: $ QoQ | P27: =P23-O9
B29: % Variance Guide vs Consensus | P29: =IFERROR((P23-P15)/P15,"-")
B31: Actuals vs Consensus
B32: Actual Revenue | D32: 240.897 | E32: 240.678 | F32: 291.515 | G32: 262.901 | H32: =SUM(D32:G32) | I32: 289.48 | J32: 293.508 | K32: 356.57 | L32: 332.639 | M32: =SUM(I32:L32) | N32: 359.095
B33: Consensus Revenue | D33: 240.98397 | E33: 231.29036 | F33: 283.83769 | G33: 253.94506 | H33: =SUM(D33:G33) | I33: 285.52534 | J33: 286.32417 | K33: 337.81558 | L33: 316.5842 | M33: =SUM(I33:L33) | N33: 342.7931
B34: Beat / Miss ($) | D34: =D32-D33 | E34: =E32-E33 | F34: =F32-F33 | G34: =G32-G33 | H34: =H32-H33 | I34: =I32-I33 | J34: =J32-J33 | K34: =K32-K33 | ... N34: =N32-N33
B35: Beat / Miss (%) | D35: =IFERROR((D32-D33)/D33,"-") | E35: =IFERROR((E32-E33)/E33,"-") | F35: =IFERROR((F32-F33)/F33,"-") | G35: =IFERROR((G32-G33)/G33,"-") | H35: =IFERROR((H32-H33)/H33,"-") | I35: =IFERROR((I32-I33)/I33,"-") | J35: =IFERROR((J32-J33)/J33,"-") | K35: =IFERROR((K32-K33)/K33,"-") | ... N35: =IFERROR((N32-N33)/N33,"-")
B37: Trailing 4Q Avg Beat | C37: =AVERAGE(J35,K35,L35,N35)
B38: Trailing 8Q Avg Beat | C38: =AVERAGE(E35,F35,G35,I35,J35,K35,L35,N35)
B39: Selected Beat Cadence | C39: 0.0447

Sheet BSY
B1: BSY: KIN Base Case Operating Model
B2: USD in Millions Unless Stated Otherwise
B3: Beat Cadence (%) | C3: 0.0135
B4: Beat Window | C4: 4Q
B5: Momentum | C5: ACCELERATING
D7: Q1-24 | E7: Q2-24 | F7: Q3-24 | G7: Q4-24 | H7: FY24 | I7: Q1-25 | J7: Q2-25 | K7: Q3-25 | L7: Q4-25 | M7: FY25 | N7: Q1-26E | O7: Q2-26E | P7: Q3-26E | Q7: Q4-26E | R7: FY26E | S7: Q1-27E | T7: Q2-27E | U7: Q3-27E | V7: Q4-27E | W7: FY27E
B9: Total Revenue | D9: 337.763 | E9: 330.337 | F9: 335.173 | G9: 349.822 | H9: =SUM(D9:G9) | I9: 370.542 | J9: 364.106 | K9: 375.549 | L9: 391.582 | M9: =SUM(I9:L9) | N9: =L9+N13 | O9: =N9+O13 | P9: =O9+P13 | Q9: =P9+Q13 | R9: =SUM(N9:Q9) | S9: =Q9+S13 | T9: =S9+T13 | U9: =T9+U13 | V9: =U9+V13 | W9: =SUM(S9:V9)
B10: % YoY | I10: =IFERROR((I9-D9)/D9,"-") | J10: =IFERROR((J9-E9)/E9,"-") | K10: =IFERROR((K9-F9)/F9,"-") | L10: =IFERROR((L9-G9)/G9,"-") | M10: =IFERROR((M9-H9)/H9,"-") | N10: =IFERROR((N9-I9)/I9,"-") | O10: =IFERROR((O9-J9)/J9,"-") | P10: =IFERROR((P9-K9)/K9,"-") | ... W10: =IFERROR((W9-R9)/R9,"-")
B11: % QoQ | E11: =IFERROR((E9-D9)/D9,"-") | F11: =IFERROR((F9-E9)/E9,"-") | G11: =IFERROR((G9-F9)/F9,"-") | I11: =IFERROR((I9-G9)/G9,"-") | J11: =IFERROR((J9-I9)/I9,"-") | K11: =IFERROR((K9-J9)/J9,"-") | L11: =IFERROR((L9-K9)/K9,"-") | N11: =IFERROR((N9-L9)/L9,"-") | O11: =IFERROR((O9-N9)/N9,"-") | P11: =IFERROR((P9-O9)/O9,"-") | Q11: =IFERROR((Q9-P9)/P9,"-") | S11: =IFERROR((S9-Q9)/Q9,"-") | T11: =IFERROR((T9-S9)/S9,"-") | U11: =IFERROR((U9-T9)/T9,"-") | V11: =IFERROR((V9-U9)/U9,"-")
B12: $ YoY | I12: =I9-D9 | J12: =J9-E9 | K12: =K9-F9 | L12: =L9-G9 | M12: =M9-H9 | N12: =N9-I9 | O12: =O9-J9 | P12: =P9-K9 | ... W12: =W9-R9
B13: $ QoQ | E13: =E9-D9 | F13: =F9-E9 | G13: =G9-F9 | I13: =I9-G9 | J13: =J9-I9 | K13: =K9-J9 | L13: =L9-K9 | N13: 32.950596 | O13: -13.9344 | P13: 6.967923 | Q13: 12.827467 | S13: 19.103021 | T13: 7.074389 | U13: 8.42947 | V13: 11.518817
B15: Consensus Total Revenue | N15: 418.87775 | O15: 411.60219 | P15: 423.16202 | Q15: 442.29334 | R15: =SUM(N15:Q15) | S15: 466.43372 | T15: 454.01153 | U15: 466.0158 | V15: 486.34657 | W15: =SUM(S15:V15)
B16: % YoY | S16: =IFERROR((S15-N15)/N15,"-") | T16: =IFERROR((T15-O15)/O15,"-") | U16: =IFERROR((U15-P15)/P15,"-") | V16: =IFERROR((V15-Q15)/Q15,"-") | W16: =IFERROR((W15-R15)/R15,"-")
B17: % QoQ | O17: =IFERROR((O15-N15)/N15,"-") | P17: =IFERROR((P15-O15)/O15,"-") | Q17: =IFERROR((Q15-P15)/P15,"-") | S17: =IFERROR((S15-Q15)/Q15,"-") | T17: =IFERROR((T15-S15)/S15,"-") | U17: =IFERROR((U15-T15)/T15,"-") | V17: =IFERROR((V15-U15)/U15,"-")
B18: $ YoY | S18: =S15-N15 | T18: =T15-O15 | U18: =U15-P15 | V18: =V15-Q15 | W18: =W15-R15
B19: $ QoQ | O19: =O15-N15 | P19: =P15-O15 | Q19: =Q15-P15 | S19: =S15-Q15 | T19: =T15-S15 | U19: =U15-T15 | V19: =V15-U15
B21: % Variance vs Consensus | N21: =IFERROR((N9-N15)/N15,"-") | O21: =IFERROR((O9-O15)/O15,"-") | P21: =IFERROR((P9-P15)/P15,"-") | Q21: =IFERROR((Q9-Q15)/Q15,"-") | R21: =IFERROR((R9-R15)/R15,"-") | S21: =IFERROR((S9-S15)/S15,"-") | T21: =IFERROR((T9-T15)/T15,"-") | U21: =IFERROR((U9-U15)/U15,"-") | ... W21: =IFERROR((W9-W15)/W15,"-")
B23: Implied Q+2 Guide | O23: =O9/(1+$C$3)
B24: % YoY | O24: =IFERROR((O23-J9)/J9,"-")
B25: % QoQ | O25: =IFERROR((O23-N9)/N9,"-")
B26: $ YoY | O26: =O23-J9
B27: $ QoQ | O27: =O23-N9
B29: % Variance Guide vs Consensus | O29: =IFERROR((O23-O15)/O15,"-")
B31: Actuals vs Consensus
B32: Actual Revenue | D32: 337.763 | E32: 330.337 | F32: 335.173 | G32: 349.822 | H32: =SUM(D32:G32) | I32: 370.542 | J32: 364.106 | K32: 375.549 | L32: 391.582 | M32: =SUM(I32:L32)
B33: Consensus Revenue | D33: 340.09274 | E33: 325.07544 | F33: 340.35865 | G33: 350.37017 | H33: =SUM(D33:G33) | I33: 366.29588 | J33: 363.63118 | K33: 369.80118 | L33: 381.7881 | M33: =SUM(I33:L33)
B34: Beat / Miss ($) | D34: =D32-D33 | E34: =E32-E33 | F34: =F32-F33 | G34: =G32-G33 | H34: =H32-H33 | I34: =I32-I33 | J34: =J32-J33 | K34: =K32-K33 | ... M34: =M32-M33
B35: Beat / Miss (%) | D35: =IFERROR((D32-D33)/D33,"-") | E35: =IFERROR((E32-E33)/E33,"-") | F35: =IFERROR((F32-F33)/F33,"-") | G35: =IFERROR((G32-G33)/G33,"-") | H35: =IFERROR((H32-H33)/H33,"-") | I35: =IFERROR((I32-I33)/I33,"-") | J35: =IFERROR((J32-J33)/J33,"-") | K35: =IFERROR((K32-K33)/K33,"-") | ... M35: =IFERROR((M32-M33)/M33,"-")
B37: Trailing 4Q Avg Beat | C37: =AVERAGE(I35,J35,K35,L35)
B38: Trailing 8Q Avg Beat | C38: =AVERAGE(D35,E35,F35,G35,I35,J35,K35,L35)
B39: Selected Beat Cadence | C39: 0.0135

Sheet CWAN
B1: CWAN: KIN Base Case Operating Model
B2: USD in Millions Unless Stated Otherwise
B3: Beat Cadence (%) | C3: -0.0331
B4: Beat Window | C4: 8Q
B5: Momentum | C5: DECELERATING
D7: Q1-24 | E7: Q2-24 | F7: Q3-24 | G7: Q4-24 | H7: FY24 | I7: Q1-25 | J7: Q2-25 | K7: Q3-25 | L7: Q4-25 | M7: FY25 | N7: Q1-26E | O7: Q2-26E | P7: Q3-26E | Q7: Q4-26E | R7: FY26E | S7: Q1-27E | T7: Q2-27E | U7: Q3-27E | V7: Q4-27E | W7: FY27E
B9: Total Revenue | D9: 102.719 | E9: 106.791 | F9: 115.828 | G9: 126.465 | H9: =SUM(D9:G9) | I9: 126.864 | J9: 181.937 | K9: 205.11 | L9: 217.457 | M9: =SUM(I9:L9) | N9: =L9+N13 | O9: =N9+O13 | P9: =O9+P13 | Q9: =P9+Q13 | R9: =SUM(N9:Q9) | S9: =Q9+S13 | T9: =S9+T13 | U9: =T9+U13 | V9: =U9+V13 | W9: =SUM(S9:V9)
B10: % YoY | I10: =IFERROR((I9-D9)/D9,"-") | J10: =IFERROR((J9-E9)/E9,"-") | K10: =IFERROR((K9-F9)/F9,"-") | L10: =IFERROR((L9-G9)/G9,"-") | M10: =IFERROR((M9-H9)/H9,"-") | N10: =IFERROR((N9-I9)/I9,"-") | O10: =IFERROR((O9-J9)/J9,"-") | P10: =IFERROR((P9-K9)/K9,"-") | ... W10: =IFERROR((W9-R9)/R9,"-")
B11: % QoQ | E11: =IFERROR((E9-D9)/D9,"-") | F11: =IFERROR((F9-E9)/E9,"-") | G11: =IFERROR((G9-F9)/F9,"-") | I11: =IFERROR((I9-G9)/G9,"-") | J11: =IFERROR((J9-I9)/I9,"-") | K11: =IFERROR((K9-J9)/J9,"-") | L11: =IFERROR((L9-K9)/K9,"-") | N11: =IFERROR((N9-L9)/L9,"-") | O11: =IFERROR((O9-N9)/N9,"-") | P11: =IFERROR((P9-O9)/O9,"-") | Q11: =IFERROR((Q9-P9)/P9,"-") | S11: =IFERROR((S9-Q9)/Q9,"-") | T11: =IFERROR((T9-S9)/S9,"-") | U11: =IFERROR((U9-T9)/T9,"-") | V11: =IFERROR((V9-U9)/U9,"-")
B12: $ YoY | I12: =I9-D9 | J12: =J9-E9 | K12: =K9-F9 | L12: =L9-G9 | M12: =M9-H9 | N12: =N9-I9 | O12: =O9-J9 | P12: =P9-K9 | ... W12: =W9-R9
